sha,message,created_date,number_of_files_updated,diff,author,repo_owner,repo_name
6150f0cec4015787e599e3790744dbe55873ab51,feat(curriculum): release Describe Company and Describe Colleagues mo…,2026-05-15T19:54:08Z,16,32,huyenltnguyen,freeCodeCamp,freeCodeCamp
e8c77cae3d6ffcc87db01f2df802520657185900,fix(curriculum): update raiseTo regex to support return type annotati…,2026-05-15T18:36:32Z,1,2,deepak-s-git,freeCodeCamp,freeCodeCamp
ca20dfd8b9549edd122d2cff9b0faf36efe6bd1f,feat(curriculum): add Describing a Company (#66378),2026-05-15T18:31:04Z,76,8364,RafaelDavisH,freeCodeCamp,freeCodeCamp
cdb7c753322e78a1a055830c48cf1c3825519a95,fix: fixed first person language in discount calculator workshop (#67…,2026-05-15T15:07:55Z,3,6,narasimhan-lakshmi,freeCodeCamp,freeCodeCamp
a2e0622ccb5bb1c294270b1e623716e4b42abef8,fix: separate duplicate erms validation in insertErms (#67422),2026-05-15T12:51:11Z,1,4,Nithin0620,freeCodeCamp,freeCodeCamp
12be3d283b07a6bfd89d7f187c21c0e966e5c1be,fix: fixed first person into generic for luhn algo (#67424),2026-05-15T10:11:04Z,1,2,narasimhan-lakshmi,freeCodeCamp,freeCodeCamp
e2aa7ce38369f5dfb1d17235e5a6bcac799d06c3,fix(curriculum): correct grammatical typo in FCC Authors Page lesson …,2026-05-15T08:12:41Z,2,4,HarshMangaraj,freeCodeCamp,freeCodeCamp
3f998115234e728b77ffa821d1178401e5059333,fix(curriculum): capitalize TV in media catalogue workshop (#67411),2026-05-14T21:46:27Z,1,2,tenzin-4776,freeCodeCamp,freeCodeCamp
ebdb6b6b1cee2c8b23b2675962213d06749021f9,fix(curriculum): remove first-person language from workshop-heritage-…,2026-05-14T21:42:06Z,2,4,debabratasaha-dev,freeCodeCamp,freeCodeCamp
9f1f77ec5e591b456de1d4b289462adb7a01605d,fix: remove first person we from step 23 authors workshop (#67408),2026-05-14T21:05:21Z,1,2,vinodM09,freeCodeCamp,freeCodeCamp
000c7b73c5b5af45fd54a90d35d8763575cf8d58,fix(curriculum): remove first person language from colored markers (#…,2026-05-14T20:16:28Z,1,2,vinodM09,freeCodeCamp,freeCodeCamp
774453e16e82a46a8791d9c10510f27abbe6c996,fix(curriculum): remove first-person language from recipe converter (…,2026-05-14T19:49:30Z,1,2,caiolucasbittencourt,freeCodeCamp,freeCodeCamp
83e58359eb3583fbc5f897f8bdb4749c53d94f5f,fix(curriculum): clarify optional parameter order (#67397),2026-05-14T19:38:48Z,1,2,caiolucasbittencourt,freeCodeCamp,freeCodeCamp
4a3ed7e01aeeb538e33e9191612f55e3909149ae,fix(curriculum): remove first-person language from shopping list step…,2026-05-14T19:30:47Z,1,2,caiolucasbittencourt,freeCodeCamp,freeCodeCamp
55aa9260e7469a5698c3716b13a9dcf7a9c354bf,fix(curriculum): remove first person language from media catalogue wo…,2026-05-14T19:17:27Z,1,2,clarencepenz,freeCodeCamp,freeCodeCamp
41909305874ece18f3a4266c50110d3f9943303e,fix(curriculum): correct misleading 'Int Division:' label in Python v…,2026-05-14T19:12:42Z,3,6,moaedy,freeCodeCamp,freeCodeCamp
fa7d6cfe60cac220148540c5cdb0bc3d1adb8c3b,fix(curriculum): remove first person language from calorie counter wo…,2026-05-14T19:03:37Z,2,4,clarencepenz,freeCodeCamp,freeCodeCamp
77d791ba7cd8d4ff6caee74a67d37684db1ed82e,fix(curriculum): remove first person language from permutation genera…,2026-05-14T19:02:04Z,1,2,clarencepenz,freeCodeCamp,freeCodeCamp
152d51143a0af56c7a095489318c1419927b33f4,fix(curriculum): remove first-person language from instrument invento…,2026-05-14T19:00:00Z,1,2,caiolucasbittencourt,freeCodeCamp,freeCodeCamp
4921d5834985389dd8c2e078d7bd12fea0fc396a,fix(curriculum): remove first person language from merge sort JS work…,2026-05-14T18:57:06Z,1,2,clarencepenz,freeCodeCamp,freeCodeCamp
68d5afb54ac5350634de9ccc43eb8b21d44b6dc0,fix(curriculum): remove first person language from merge sort worksho…,2026-05-14T18:46:11Z,2,4,clarencepenz,freeCodeCamp,freeCodeCamp
ef9595b92dd62895910eb4fab971cbf228cf3cfe,fix(curriculum): remove first person language from linked list class …,2026-05-14T13:09:38Z,3,6,deepak-s-git,freeCodeCamp,freeCodeCamp
d4fa2a53a6f7d69780beba25620c9a798f59e961,fix(curriculum): remove first person language from decimal to binary …,2026-05-14T13:08:57Z,3,6,deepak-s-git,freeCodeCamp,freeCodeCamp
78f7675253f83ad24039f1be0e4d35aed82ae388,fix(curriculum): explain callable() in dynamic attributes lecture (#6…,2026-05-14T12:39:29Z,1,2,HritikKaushik,freeCodeCamp,freeCodeCamp
bb616d1405ffd1f4b9915b6955eb11983ee625ec,fix(curriculum): remove first person language from cafe menu workshop…,2026-05-14T12:24:10Z,1,2,deepak-s-git,freeCodeCamp,freeCodeCamp
105ba4db6e73e41b6e4dde56ab3b0c9b452c4abf,fix(curriculum): remove first person language from Tailwind pricing c…,2026-05-14T11:59:42Z,1,2,deepak-s-git,freeCodeCamp,freeCodeCamp
d83307f9836d11ad784e1eaa2b98957e78bba044,feat(curriculum): proofreading tool javascript lab (#66940),2026-05-14T10:03:48Z,4,229,arunkumar0398,freeCodeCamp,freeCodeCamp
ccde5d4b2d7e039d0376bb7d469d8938d9afee00,fix(curriculum): remove first person language from email simulator wo…,2026-05-14T10:01:38Z,16,32,HritikKaushik,freeCodeCamp,freeCodeCamp
af87e4ef14b6409ff65ecb1a2e4f0dfc1bfe16f9,fix(curriculum): clarify useMemo rerender behavior (#67350),2026-05-13T18:42:25Z,1,4,caiolucasbittencourt,freeCodeCamp,freeCodeCamp
169764fc3f753be5e28f37e09c702e34d2e4f6de,"chore(i18n,learn): update i18n-curriculum submodule (#67355)",2026-05-13T17:58:46Z,1,2,camperbot,freeCodeCamp,freeCodeCamp
7ec47e28f2bc20b40de3e512da3374b1b7b9578c,"chore(i18n,client): processed translations (#67354)",2026-05-13T15:47:05Z,4,214,camperbot,freeCodeCamp,freeCodeCamp
d367600acf738fc49263f83e6f26102c81a47bdb,fix: salary tracker step 32 misleading hint (#67324),2026-05-13T14:26:03Z,1,11,majestic-owl448,freeCodeCamp,freeCodeCamp
fc8741bebc222e66ab2ed227205b587ef8eb0aa8,"chore(GHA): remove GC comments, automated now",2026-05-13T07:51:49Z,1,18,raisedadead,freeCodeCamp,freeCodeCamp
0da7c6de9810487f444009c1dc61324e93a51b05,fix(curriculum): clarify create_spend_chart takes a list of categorie…,2026-05-12T17:16:49Z,1,2,majestic-owl448,freeCodeCamp,freeCodeCamp
663c873aca7b821d113c88c9641ab36a837aff32,"chore(i18n,learn): update i18n-curriculum submodule (#67338)",2026-05-12T14:33:31Z,1,2,camperbot,freeCodeCamp,freeCodeCamp
cbda4cf5c9fbbd811b0d1a4c74d39bc481400a2f,fix(curriculum): clarify DOM element node wording (#67330),2026-05-12T08:23:40Z,1,2,MukundaKatta,freeCodeCamp,freeCodeCamp
77c76d63e0c1fc548a73239c2a0728e6d2d3d12d,"chore(i18n,client): processed translations (#67323)",2026-05-12T03:50:02Z,20,458,camperbot,freeCodeCamp,freeCodeCamp
376177214f64c318216178571e961d2595b4e633,"chore(i18n,learn): update i18n-curriculum submodule (#67326)",2026-05-12T03:48:20Z,1,2,camperbot,freeCodeCamp,freeCodeCamp
e55b4e14f71e9708abefefb07e1b73f58a5d6797,fix(curriculum):  Swapped the hint messages for task-45 (#67317),2026-05-12T00:14:09Z,1,4,TEE0207,freeCodeCamp,freeCodeCamp
5cff524db6ed3f83398497a47f0e3b1a2f6245cf,fix: add missing colons to User Stories headers (#67328),2026-05-11T19:46:01Z,5,10,PaperCodeGithub,freeCodeCamp,freeCodeCamp
2a61da49427218cbe7952140afad3a9e98f55288,fix: add missing User Stories header in lab-travel-weather-planner (#…,2026-05-11T17:45:41Z,1,2,atharv96k,freeCodeCamp,freeCodeCamp
3e5f5cc93890c3bd6cea7ad536ddce9713fab5d8,feat(curriculum): daily challenges 279-294 (#67227),2026-05-11T14:49:57Z,35,2966,moT01,freeCodeCamp,freeCodeCamp
aa6df83ac1dbb90fe88a6be919bc274e05df62e0,refactor(curriculum): use Dessert class in shopping cart workshop (#6…,2026-05-11T14:18:16Z,57,6085,Umesh-Tiruvalluru,freeCodeCamp,freeCodeCamp
b316a368c48815c87ec8397e280547b501001f06,fix(curriculum): update focus style instructions and add outline test…,2026-05-11T07:24:32Z,1,10,AyushK5ingh,freeCodeCamp,freeCodeCamp
0ae076e2d80d7be48754c8f31fe9446dbf86a530,chore(deps): update dependency turbo to v2.9.8 (#67312),2026-05-10T10:56:57Z,1,62,renovate[bot],freeCodeCamp,freeCodeCamp
57caa92b35a964bfc0cd78839f33d7398bcd7a00,"chore(renovate): more groups, less approvals (#67310)",2026-05-10T06:51:18Z,1,155,raisedadead,freeCodeCamp,freeCodeCamp
7b4891c445403e04602227209e8cae937a3e4646,chore(deps): update pnpm/action-setup action to v6.0.5 (#67309),2026-05-10T04:54:33Z,1,4,renovate[bot],freeCodeCamp,freeCodeCamp
939df8c8c90681e315a5382ac012676462096922,fix(curriculum): allow multiline label in calorie counter step 47 (#6…,2026-05-09T14:41:27Z,1,2,deepak-s-git,freeCodeCamp,freeCodeCamp
798e409dd58fba56e71989763f4f2b37281a8b59,fix(curriculum) : stringify uncloneable search params in Basic Node P…,2026-05-09T10:25:09Z,1,4,a2937,freeCodeCamp,freeCodeCamp
73ac6981ba8264364706376d8c47050b7f10f977,fix(curriculum): url shortener pass redirects (#65879),2026-05-09T10:24:45Z,1,18,a2937,freeCodeCamp,freeCodeCamp
a9a5ddc469240d322f887c4701246ab2e8812e5f,chore(deps): update dependency msw to v2.14.2 (#67288),2026-05-09T06:20:19Z,1,88,renovate[bot],freeCodeCamp,freeCodeCamp
e05a456698d6a772833924413a9d0960729f54f7,chore(deps): update pnpm/action-setup digest to 91ab88e (#67293),2026-05-09T06:19:56Z,6,22,renovate[bot],freeCodeCamp,freeCodeCamp
0f35029dcc2a2d9a9262e6b310a50d93b9efbbc8,fix:  fix correction for 'Run The Tests' ---> 'Check Your Code' (#67292),2026-05-08T22:07:58Z,2,4,codes-stories,freeCodeCamp,freeCodeCamp
e86c17b546c298871a43ed5de6b66745b38dabc7,"chore(renovate): gate 0.x, weekly group (#67287)",2026-05-08T14:38:32Z,1,10,raisedadead,freeCodeCamp,freeCodeCamp
c5fa836f5d3dcb3cf9babf43b1c9d8fa1d217813,fix(deps): update dependency postcss to v8.5.13 (#67285),2026-05-08T13:54:18Z,2,310,renovate[bot],freeCodeCamp,freeCodeCamp
e69d1aef40754cd777dbe8301cfeb9e12ff43652,feat(curriculum): release Typescript module (#67261),2026-05-08T13:54:06Z,18,34,Ksound22,freeCodeCamp,freeCodeCamp
8aae60979ebfecd3e82b265d7a7d29b884fcd9fd,feat: allow solutions in any step (#67280),2026-05-08T11:20:42Z,2,67,ojeytonwilliams,freeCodeCamp,freeCodeCamp
7671f673e4bc1f489abca8dd020fc67449b39fc9,fix(deps): update dependency nanoid to v3.3.12 (#67282),2026-05-08T10:35:09Z,2,16,renovate[bot],freeCodeCamp,freeCodeCamp
c0e7131512b0a743728325939fcf52188f2414b7,chore(deps): update pnpm/action-setup action to v6.0.4 (#67281),2026-05-08T09:53:55Z,1,4,renovate[bot],freeCodeCamp,freeCodeCamp
96c03d877460455376a54862ba08487409672ec6,chore(deps): update eslint (#67256),2026-05-08T07:27:22Z,2,106,renovate[bot],freeCodeCamp,freeCodeCamp
97e0c39248777355a085a70744ad744054ee4ccb,chore(deps): update dependency @html-eslint/eslint-plugin-react to ^0…,2026-05-08T06:25:04Z,2,28,renovate[bot],freeCodeCamp,freeCodeCamp
627258dc019306c25e8e83825876f1335c3be30e,fix(deps): update dependency typebox to v1.1.35 (#67269),2026-05-08T06:20:47Z,2,18,renovate[bot],freeCodeCamp,freeCodeCamp
b5c41ded9c246f52c5b70404013e1a769a728045,fix(curriculum): update React import/export review pages for named an…,2026-05-08T04:05:19Z,2,132,azad12614,freeCodeCamp,freeCodeCamp
09fff8f201859c689d989e9dae925ead2d3198fa,chore(deps): update actions/labeler digest to f27b608 (#67252),2026-05-07T06:12:12Z,1,2,renovate[bot],freeCodeCamp,freeCodeCamp
df2f6f75663f83952f6ea3f4341724c17820957f,feat(curriculum): add images to css fonts lectures (#67188),2026-05-07T05:47:39Z,5,151,majestic-owl448,freeCodeCamp,freeCodeCamp
24e5e9dd4d039faf0086c30a1c28f6dba6f46ec5,fix(curriculum): correct GitHub casing (#67262),2026-05-06T19:00:09Z,1,2,Agent-A345,freeCodeCamp,freeCodeCamp
77ce853805b22c56a3c67a55c54591bd612a15d9,"chore(i18n,learn): update i18n-curriculum submodule (#67260)",2026-05-06T18:53:21Z,1,2,camperbot,freeCodeCamp,freeCodeCamp
6fbc93431d9c7fe886d38b9e6ba719c0730fb59f,fix(curriculum): move d3 under ts module (#67251),2026-05-06T18:51:26Z,2,60,Ksound22,freeCodeCamp,freeCodeCamp
7d62ea3f5fdd6494588d1abda5480985ee422fff,fix(client): privacy save button state (#67230),2026-05-06T14:29:07Z,1,10,Tidjani1Bachir,freeCodeCamp,freeCodeCamp
b0fb92471c32194fb16d0b598727d678868656cd,feat(client): add linux arm64 exam download link (#67253),2026-05-06T14:21:49Z,2,31,ShaunSHamilton,freeCodeCamp,freeCodeCamp
3594149279851d71536b81b68f582aa70e616316,"chore(i18n,client): processed translations (#67254)",2026-05-06T13:38:56Z,11,64,camperbot,freeCodeCamp,freeCodeCamp
782c7a97f14b9d3091ff2a1fa7b7ccd0ff2ce76e,chore: bump pnpm,2026-05-06T07:08:02Z,1,2,raisedadead,freeCodeCamp,freeCodeCamp
f5774fc49b1e76f66b38b9a035306c78b0532fe1,fix(deps): update algolia-instantsearch monorepo (#67241),2026-05-06T05:08:49Z,2,62,renovate[bot],freeCodeCamp,freeCodeCamp
c911f5e8b95ad13770d7056066dfd7cfd04a16f8,fix(deps): update dependency postcss to v8.5.12 (#67236),2026-05-06T05:08:44Z,2,310,renovate[bot],freeCodeCamp,freeCodeCamp
8dc3d48f5a100bf25836f33fab229a1179ee0ff5,fix(deps): update dependency typebox to v1.1.34 (#67237),2026-05-06T05:08:41Z,2,32,renovate[bot],freeCodeCamp,freeCodeCamp
2250819ab1a8d81a24f0066096fba5055505f306,chore(deps): update dependency tsdown to v0.21.10 (#67176),2026-05-05T15:09:25Z,1,201,renovate[bot],freeCodeCamp,freeCodeCamp
6a857ba547c0fed969f53c304fbe2b793f7f36de,fix(client): handle MCQ options overflow (#67187),2026-05-05T15:09:05Z,1,1,huyenltnguyen,freeCodeCamp,freeCodeCamp
1ab0425cf919129a7606428f67c758679a0c1832,chore(deps): update pnpm/action-setup digest to 8912a91 (#67231),2026-05-05T15:01:02Z,6,22,renovate[bot],freeCodeCamp,freeCodeCamp
3d60ec7e03e62d9d7456313865887dba2407cdec,chore(deps): update dependency typescript-eslint to v8.59.1 (#67232),2026-05-05T15:00:50Z,1,154,renovate[bot],freeCodeCamp,freeCodeCamp
887adac8c8709565ff2e8accb478a5426704493a,fix: replace broken tone version (#67234),2026-05-05T15:00:38Z,2,26,ojeytonwilliams,freeCodeCamp,freeCodeCamp
07139410364ca20949001cfbd6b7faddb373f459,feat(curriculum): add football player card tsx project (#67076),2026-05-05T12:56:45Z,74,39113,Ksound22,freeCodeCamp,freeCodeCamp
6c9b077ff87e12a627057321b247273e348b6765,fix(curriculum): add missing word to dialogue transcript (#67233),2026-05-05T01:29:59Z,1,2,Supravisor,freeCodeCamp,freeCodeCamp
a03512c88359d462aa1e690b66cc59fd56e2516d,"chore(i18n,client): processed translations (#67226)",2026-05-05T01:25:37Z,10,40,camperbot,freeCodeCamp,freeCodeCamp
8308900f6f6be6303ba94a92d8d748eaf6cf6086,"chore(i18n,learn): update i18n-curriculum submodule (#67228)",2026-05-04T20:10:03Z,1,2,camperbot,freeCodeCamp,freeCodeCamp
91360cc4cefce09556d94385a71f600f1d1a911a,chore(deps): update dependency caniuse-lite to v1.0.30001791 (#67216),2026-05-04T14:06:26Z,2,16,renovate[bot],freeCodeCamp,freeCodeCamp
f6488622c2dc4a069837d099a52d9341a7890c73,fix(deps): update dependency ajv to v8.20.0 (#67215),2026-05-04T14:06:21Z,2,42,renovate[bot],freeCodeCamp,freeCodeCamp
10b8256ec0277cda85b989c42a8d44a56bdd7afc,fix(curriculum): relax step 18 unknown key checks (#67130),2026-05-04T11:24:37Z,1,17,caiolucasbittencourt,freeCodeCamp,freeCodeCamp
0e2af859d01874a05728a63c47a7d8b9e9c6bf24,fix(curriculum): clarify Fibonacci user story to use 0-indexed sequen…,2026-05-04T07:46:33Z,2,8,bdtripp,freeCodeCamp,freeCodeCamp
ccc32e1f5926d37eed8d0af5d09c9f7fb808825a,fix(curriculum): repair failing border test in form step 35 (#67044),2026-05-04T07:40:24Z,1,2,AyushK5ingh,freeCodeCamp,freeCodeCamp
23242f3eca15049c7a6777bfbbf14c130babfefa,fix(settings): make certification tables full width (#67185),2026-05-03T21:14:26Z,1,5,Sembauke,freeCodeCamp,freeCodeCamp
31b8b3fad6777a36e358dff7eb33e5b8b705a2e8,chore(deps): update dependency i18next-fs-backend to v2.6.5 (#67205),2026-05-03T04:57:41Z,2,12,renovate[bot],freeCodeCamp,freeCodeCamp
2c0dd791a4badea9f655f51715fdaf788ad84d0c,chore(deps): update github actions (#67206),2026-05-03T04:44:43Z,9,44,renovate[bot],freeCodeCamp,freeCodeCamp
482de9f187c8f3c126a62a6996b9e582ae195ec7,feat(ui): view challenge source link (#66305),2026-05-02T15:28:18Z,12,106,a2937,freeCodeCamp,freeCodeCamp
791fdec3285b0025c7fa32c4f6830eeb35b3f8af,chore(deps): update dependency msw to v2.13.6 (#67183),2026-05-02T07:01:06Z,1,116,renovate[bot],freeCodeCamp,freeCodeCamp
636390f6f28a932b9cb0b88d473ddc359b46a8d3,fix(deps): update dependency typebox to v1.1.33 (#67186),2026-05-02T07:00:50Z,2,21,renovate[bot],freeCodeCamp,freeCodeCamp
d375f258a92d1cde493b6d289a08c651d9aa5f6e,fix(curriculum): add missing inputType to zh-a1 task-17 (#67198),2026-05-01T23:04:07Z,1,1,majestic-owl448,freeCodeCamp,freeCodeCamp
d4a091651b36fec118e84875f60acfca86b6404c,fix(curriculum): simplify empty board formatToString test in lab-proj…,2026-05-01T11:27:00Z,1,13,ragini-pandey,freeCodeCamp,freeCodeCamp
bb92cb4f2de5cf26e97b34a62fcf4001d8985485,fix(curriculum): update searching sorting quiz block config (#67193),2026-05-01T06:51:06Z,1,4,rio767,freeCodeCamp,freeCodeCamp
c7072338b1f08b1ee7b4b34fd095098f14662e67,fix(settings): update margins for settings disclaimer (#67184),2026-04-30T12:10:49Z,1,34,NathanJohnstonn,freeCodeCamp,freeCodeCamp
60e54a5e1df35475b435923be98e35346f0c0bc3,fix(client): enable horizontal scroll for MCQ code blocks on mobile (…,2026-04-30T06:27:15Z,2,12,Venkat-Entropik,freeCodeCamp,freeCodeCamp
242c9b5fbdc9dfff53d6290064a2eee616389618,chore(curriculum): highlight background property (#67178),2026-04-30T06:10:06Z,1,3,Supravisor,freeCodeCamp,freeCodeCamp
2b4c94745893f7764fe9c0758d50b4787801578b,"chore(i18n,learn): update i18n-curriculum submodule (#67172)",2026-04-29T18:05:01Z,1,2,camperbot,freeCodeCamp,freeCodeCamp
a4689ba59f4add878d76285cd135b48261e4ef34,"chore(i18n,client): processed translations (#67171)",2026-04-29T18:01:00Z,10,64,camperbot,freeCodeCamp,freeCodeCamp
b8de12556314ea63a05219c8e6af253862f52e05,chore(deps): update github actions (major) (#67170),2026-04-29T14:51:04Z,15,86,renovate[bot],freeCodeCamp,freeCodeCamp
e3fb300f4c8de69a0f7cb557f37197da4a44b3c9,fix(deps): update dependency typebox to v1.1.31 (#67168),2026-04-29T11:49:32Z,2,18,renovate[bot],freeCodeCamp,freeCodeCamp
a10a64c76890bc99c0c7abe24fd06ba243b5a884,chore(deps): update github actions (#67167),2026-04-29T11:48:57Z,5,26,renovate[bot],freeCodeCamp,freeCodeCamp
41ec9e514cf2bd6ed6c434dfa0a5dc772958ea0b,fix(deps): update lodash monorepo to v4.18.1 (#67138),2026-04-29T11:05:36Z,6,46,renovate[bot],freeCodeCamp,freeCodeCamp
4a87dd08f9e06540c37f76e309032ea2da0ee63f,fix(deps): update dependency typebox to v1.1.30 (#67165),2026-04-29T10:03:43Z,2,18,renovate[bot],freeCodeCamp,freeCodeCamp
baf11e5967234a8512816948428280b249979f6e,fix(deps): update algolia-instantsearch monorepo (#67160),2026-04-29T10:03:24Z,2,52,renovate[bot],freeCodeCamp,freeCodeCamp
06bd90f996c73d6f0cf0d524572785a1b43e36cc,chore(deps): update dependency caniuse-lite to v1.0.30001790 (#67164),2026-04-29T10:03:11Z,2,16,renovate[bot],freeCodeCamp,freeCodeCamp
fc59a36709b20cb566afb28690e5dc1d561f41e5,feat(gha): re-enable korean deploys (#67142),2026-04-29T06:29:41Z,2,5,moT01,freeCodeCamp,freeCodeCamp
70fc81106af91aec79d8044344e325263f19e95a,fix(curriculum): correct incorrect verb form (#67149),2026-04-29T01:09:39Z,1,2,Supravisor,freeCodeCamp,freeCodeCamp
44b560b18590a5f2e72dd4a2da00869221f75ed3,fix(curriculum): update registration form step 48 to have borderBotto…,2026-04-28T20:14:45Z,1,4,Jeevankumar-s,freeCodeCamp,freeCodeCamp
40836e70fd3d78914c8c89a3e4e1d6ab70a98b41,fix(deps): update dependency @fastify/swagger-ui to v5.2.6 (#67158),2026-04-28T16:23:17Z,2,20,renovate[bot],freeCodeCamp,freeCodeCamp
21179b8dd3e035240f7497ad4f399d068aad016b,chore(deps): update vitest to v4.1.5 (#67157),2026-04-28T16:23:01Z,2,396,renovate[bot],freeCodeCamp,freeCodeCamp
90cc514f786f3d786cb66ab2fd6fee26d3471a00,fix(client): defer MobileAppModal rendering until after first browser…,2026-04-28T16:22:47Z,2,31,huyenltnguyen,freeCodeCamp,freeCodeCamp
2548e2bb2ffa160fdd1c116b887c7d9f08b61162,fix(deps): update dependency typebox to v1.1.29 (#67153),2026-04-28T16:21:29Z,2,18,renovate[bot],freeCodeCamp,freeCodeCamp
ba1eacf64e6e0f7e8908072f3c5d96ab152ffece,fix(curriculum): correct casing for TypeScript (#67147),2026-04-28T16:21:04Z,9,42,huyenltnguyen,freeCodeCamp,freeCodeCamp
bbe577c77c38534f862b702a1fd121a21687c7a5,fix(curriculum): replace arrays with strings in daily coding challeng…,2026-04-28T14:34:07Z,2,4,Jeevankumar-s,freeCodeCamp,freeCodeCamp
aa7c01c2936ce64aef98e663f68a31cf23ee7d9a,chore(deps): update dependency typescript-eslint to v8.59.0 (#67143),2026-04-28T12:02:35Z,10,190,renovate[bot],freeCodeCamp,freeCodeCamp
7f44912d817941fb342f1a8377ef9fcce45dc321,"chore(i18n,client): processed translations (#67136)",2026-04-27T21:33:57Z,11,326,camperbot,freeCodeCamp,freeCodeCamp
76dd352aa512f2927367c3583aca2d9966a4e661,fix(deps): update monaco-editor to v0.52.2 (#67140),2026-04-27T19:05:27Z,3,35,Sembauke,freeCodeCamp,freeCodeCamp
2b211aab34f8fef246489da18bd85e834a6eb5ae,"chore(i18n,learn): update i18n-curriculum submodule (#67141)",2026-04-27T17:51:07Z,1,2,camperbot,freeCodeCamp,freeCodeCamp
61cb40734c7417cf1734dad2172f0d0a6fe28ccf,feat(curriculum): daily challenges 264-278 (#67117),2026-04-27T15:20:17Z,33,2723,moT01,freeCodeCamp,freeCodeCamp
df2dd021d74edfb979c572de1b048f4d846a28aa,chore(deps): update actions/setup-node action to v6.4.0 (#67135),2026-04-27T11:50:14Z,1,4,renovate[bot],freeCodeCamp,freeCodeCamp
8a8f13d7764b7b5930c65c36480f5c901c858299,fix(deps): update dependency @fortawesome/react-fontawesome to v3.3.1…,2026-04-27T11:49:54Z,2,18,renovate[bot],freeCodeCamp,freeCodeCamp
5e39dd8e55e363127046725469cc625cb78bc576,fix(deps): update dependency tone to v14.9.17 (#67133),2026-04-27T08:33:18Z,2,30,renovate[bot],freeCodeCamp,freeCodeCamp
9b6987300a72b20c1fcbbb819cf45784c877822e,fix(deps): update dependency sanitize-html to v2.17.3 (#67132),2026-04-27T08:32:36Z,2,20,renovate[bot],freeCodeCamp,freeCodeCamp
7abfe64e4ad4b5c155d48eb674159c18ac4e764c,fix(deps): update dependency redux-saga to v1.4.2 (#67131),2026-04-27T08:32:13Z,2,18,renovate[bot],freeCodeCamp,freeCodeCamp
41bfbdc54dd4a30c74f99c59f33860513aefd997,fix(curriculum): add accessibility concern notes for accesskey in lec…,2026-04-26T23:28:29Z,1,6,AyushK5ingh,freeCodeCamp,freeCodeCamp
bd0c98e9d1175b08e333661837e09e663a33492c,fix(deps): update dependency react-monaco-editor to v0.59.0 (#67127),2026-04-26T17:43:39Z,2,21,renovate[bot],freeCodeCamp,freeCodeCamp
ed87023ea211ef8d595c00974d26e9b24adabce1,chore(deps): update dependency i18next-fs-backend to v2.6.4 (#67126),2026-04-26T17:43:06Z,2,12,renovate[bot],freeCodeCamp,freeCodeCamp
4106a69acec4104396e4353e854ad043d022346f,fix(deps): update dependency react-i18next to v15.7.4 (#67120),2026-04-26T06:28:00Z,2,14,renovate[bot],freeCodeCamp,freeCodeCamp
81891c5628aa205292e4457a25968f8cd1fb81f4,fix(deps): update dependency typebox to v1.1.28 (#67118),2026-04-26T06:27:37Z,2,18,renovate[bot],freeCodeCamp,freeCodeCamp
224afd0386c37e47287257b3f28ed2850387bd33,fix(deps): update dependency postcss to v8.5.10 (#67114),2026-04-25T12:04:54Z,2,302,renovate[bot],freeCodeCamp,freeCodeCamp
2569a3607f501d22e3e814894fa9aee89aa85b75,fix(deps): update dependency typebox to v1.1.27 (#67111),2026-04-25T12:04:38Z,2,18,renovate[bot],freeCodeCamp,freeCodeCamp
408f6babefae03bc623d88332bed45857640c8a2,"fix(curriculum): correct ""containting"" typo in lab product showcase (…",2026-04-25T12:04:23Z,1,2,clarencepenz,freeCodeCamp,freeCodeCamp
2fa0ba4f6f7cd8f5fa846366add6c6b33a5f9f1b,chore(deps): update mongo docker tag to v8.2 (#67112),2026-04-25T12:03:50Z,2,8,renovate[bot],freeCodeCamp,freeCodeCamp
891eec4b8175950b5c79ec11e6fa9014b185dad6,"fix(curriculum): remove mentions of bin, oct, hex functions from revi…",2026-04-25T10:47:34Z,2,48,jdwilkin4,freeCodeCamp,freeCodeCamp
89d1a4c51704f642b8ad95ce967b3a4167a1f06a,fix(deps): update algolia-instantsearch monorepo (#67057),2026-04-25T06:34:18Z,2,122,renovate[bot],freeCodeCamp,freeCodeCamp
e9e0aac857c1aead4e5bb26a6184d0c7598b9b55,feat(parser): enforce workshop file validations (#66340),2026-04-25T06:12:44Z,9,205,Harshith Kumar,freeCodeCamp,freeCodeCamp
09b97874fca844ce193d469ee56bc1ad2b16fb02,chore(deps): update dependency tsdown to v0.21.9 (#67101),2026-04-25T06:12:06Z,1,231,renovate[bot],freeCodeCamp,freeCodeCamp
a6d06fe724782c64ad54d7acc522ba091a8b700d,chore(deps): update vitest (#67056),2026-04-25T06:11:36Z,21,880,renovate[bot],freeCodeCamp,freeCodeCamp
3d72c7b3ee0b45a62d30efd0e0de0bc5b1746a99,fix(gha): correct playwright reporter path (#67104),2026-04-25T06:11:08Z,2,4,huyenltnguyen,freeCodeCamp,freeCodeCamp
bdbdad5e326f8908d53312bb2bc32d9c45777aba,fix(e2e): address potential race condition in editor test (#67105),2026-04-25T06:09:53Z,1,14,huyenltnguyen,freeCodeCamp,freeCodeCamp
495b0666201d90bc3d13e4f131c5a45672a7fe19,"fix(curriculum): correct ""returnes"" typo in workshop word counter (#6…",2026-04-25T00:42:33Z,1,8,clarencepenz,freeCodeCamp,freeCodeCamp
23d879a00f2628b98942c287a717569217bb0280,fix(curriculum): remove introductory examples from caesar cipher work…,2026-04-24T23:45:28Z,4,32,jdwilkin4,freeCodeCamp,freeCodeCamp
51b1545e701d9e65d66aab258828544e022d044f,fix(curriculum): update JS string quotes to double quotes (#67099),2026-04-24T23:44:09Z,1,118,AyushK5ingh,freeCodeCamp,freeCodeCamp
647f8b09ffb00864f1d9e7273c471b9363ba10a7,feat(curriculum): release Number Below 100 module (#66780),2026-04-24T20:21:28Z,10,410,huyenltnguyen,freeCodeCamp,freeCodeCamp
15845505db4065f63290b689c1f295e6ecec561a,feat(curriclum): add routing express lesson block (#66250),2026-04-24T18:25:01Z,11,1479,zairahira,freeCodeCamp,freeCodeCamp
8762c1bb49f67ce8710de80d66b84482ede8f1c5,chore(deps): update dependency msw to v2.13.4 (#67084),2026-04-24T17:45:36Z,1,223,renovate[bot],freeCodeCamp,freeCodeCamp
fd89a2678df76a40ca8e577296a0793a5a228247,fix(curriculum): update step-53 td width workshop balance sheet (#66327),2026-04-24T16:48:12Z,14,82,AdityaSingh-18,freeCodeCamp,freeCodeCamp
c8de54970e181671f7b00259b8ec7249f216846d,fix(curriculum): correct WeakSet example with valid references (#66981),2026-04-24T16:44:22Z,1,28,ohchanwu,freeCodeCamp,freeCodeCamp
504b37caf1c3cb9b1f537374a0ddf40e5a6680a5,fix(curriculum): hint for cable cost (#67011),2026-04-24T16:40:11Z,1,2,Supravisor,freeCodeCamp,freeCodeCamp
9714ae3b700cda3b33dd97ccb87b9feccd8ce6de,fix(api): remove legacy get-session-user endpoint (#67089),2026-04-24T15:08:10Z,3,24,Sembauke,freeCodeCamp,freeCodeCamp
ec06a99fdb3d7f21f292da9bc2882832f96d7692,fix(client): debounce challenge submissions (#67039),2026-04-24T08:15:17Z,3,110,AyushK5ingh,freeCodeCamp,freeCodeCamp
ed8c673dbbfe84fb740b5bd5fd4154c7f6322ac6,fix(curriculum): clarify validateForm keys for conditional descriptio…,2026-04-24T08:00:15Z,1,22,aastha-mittal,freeCodeCamp,freeCodeCamp
05e96ff7209ff75e35a9ce8d267c87561b30f124,feat(curriculum): remove Japanese from NotAuditedSuperBlocks array (#…,2026-04-24T07:49:09Z,1,21,DanielRosa74,freeCodeCamp,freeCodeCamp
81f7e84e7538814255f8a6e113a3c3a7486a4f8a,"feat(i18n, learn): reinstate Korean to language selector menu (#67080)",2026-04-24T07:01:51Z,1,2,DanielRosa74,freeCodeCamp,freeCodeCamp
a04c0066df00c459c70e00b2e2433f1ca1d00762,"chore(i18n,learn): update i18n-curriculum submodule (#67085)",2026-04-24T03:18:39Z,1,2,camperbot,freeCodeCamp,freeCodeCamp
4dd34758cecec5017fe26a31a2f1d49e12c1cb12,fix(curriculum): remove repetitive explanations from movie ticket wor…,2026-04-24T00:37:44Z,2,15,jdwilkin4,freeCodeCamp,freeCodeCamp
5891a16cef22e3f653279ca72b62e0702a6ba621,fix(curriculum): remove repetitive explanations in bill splitter work…,2026-04-24T00:37:12Z,4,16,jdwilkin4,freeCodeCamp,freeCodeCamp
e5276cea2ffdcd192fd729feb39c1e79829dec0e,feat(curriculum): add Festival Crowd Flow Simulator Workshop - JavaSc…,2026-04-23T20:28:50Z,36,3999,LGH831,freeCodeCamp,freeCodeCamp
2551a60d3690b4c176b68312a23fd94cd17a6d23,fix(deps): update dependency i18next to v25.10.10 (#67070),2026-04-23T15:55:06Z,2,20,renovate[bot],freeCodeCamp,freeCodeCamp
229e4712547aee96c33461326fedac9e48fe1ef6,fix(curriculum): add note for queue (#67036),2026-04-23T13:23:31Z,1,4,Supravisor,freeCodeCamp,freeCodeCamp
ac3901c983dfc16b1efb79f5f912bfa919c8106f,fix(client): filter challenge nodes by certification to fix progress …,2026-04-23T13:16:37Z,3,58,ragini-pandey,freeCodeCamp,freeCodeCamp
49bd5729bf25902d592857efdf523f079cc9f4dc,"chore(i18n,learn): update i18n-curriculum submodule (#67064)",2026-04-23T12:11:25Z,1,2,camperbot,freeCodeCamp,freeCodeCamp
2e6472dec16eb433375ed2a74a54e687d1ba7212,"chore(i18n,client): processed translations (#67062)",2026-04-23T11:34:38Z,20,338,camperbot,freeCodeCamp,freeCodeCamp
e31c7d46a557b6d219ea17e369588186f82cd2b6,fix(curriculum): remove stray marker from challenge file (#67067),2026-04-23T08:26:06Z,1,2,huyenltnguyen,freeCodeCamp,freeCodeCamp
f5c06302eb93a15aa29b2e9ac6112ead799b1310,fix(curriculum): remove mention of loops in introduction to variables…,2026-04-22T22:41:59Z,1,4,jdwilkin4,freeCodeCamp,freeCodeCamp
cfeafc6e56d1a12076ed70aaa72568bff38d5e92,chore(deps): update dependency webpack to v5.106.2 (#67065),2026-04-22T18:54:12Z,3,77,renovate[bot],freeCodeCamp,freeCodeCamp
fe75fa1649d7e58c809f625a0c8d52204bce909f,fix(deps): update dependency @reduxjs/toolkit to v2.11.2 (#67063),2026-04-22T16:32:53Z,2,20,renovate[bot],freeCodeCamp,freeCodeCamp
28bdeb632224fcfeda55f3d45c81aade067edc31,fix(deps): update dependency @codesandbox/sandpack-react to v2.20.0 (…,2026-04-22T12:43:18Z,2,22,renovate[bot],freeCodeCamp,freeCodeCamp
fd18d76ac77a15628660c714b5977c12fe9a9342,feat: add digital pet game lab (#62165),2026-04-22T08:42:36Z,4,1322,naomi-lgbt,freeCodeCamp,freeCodeCamp
eb14138c8148f3c3801e2fec09327e9f69eaa544,chore(deps): update eslint (#67053),2026-04-22T06:38:36Z,4,821,renovate[bot],freeCodeCamp,freeCodeCamp
7d9eeb1c9bb7e75e538d926e1da6c8590ceb6d97,chore(deps): update hapijs monorepo (#67054),2026-04-22T03:23:11Z,4,35,renovate[bot],freeCodeCamp,freeCodeCamp
36b4e376337b4c89f300a4156eac74ec43761ea0,chore(deps): update dependency tsdown to ^0.21.0 (#67051),2026-04-21T19:53:01Z,2,549,renovate[bot],freeCodeCamp,freeCodeCamp
6a1d8dc7ec9b3e3df2945ebe511e1fea25d86634,fix(deps): update dependency fastify to v5.8.5 (#67050),2026-04-21T19:52:38Z,2,12,renovate[bot],freeCodeCamp,freeCodeCamp
d524c397e690bd21b4b55621a5c5601079e9e915,fix(curriculum): updated registration form step 44 to have borderBott…,2026-04-21T14:08:19Z,1,4,katehjd21,freeCodeCamp,freeCodeCamp
9518157219823e650f0fb95c43a937b915451488,chore(deps): update dependency msw to v2.13.3 (#67041),2026-04-21T13:57:03Z,1,72,renovate[bot],freeCodeCamp,freeCodeCamp
4cf8b4a5375cc852a60b608c64edae599ff2f6fc,chore(deps): update dependency caniuse-lite to v1.0.30001788 (#67040),2026-04-21T13:56:46Z,2,16,renovate[bot],freeCodeCamp,freeCodeCamp
40b5550e96f5868b5edb795ae7a6d84c378e32ce,feat(client): update profile ui (#66889),2026-04-21T10:09:39Z,29,1896,ahmaxed,freeCodeCamp,freeCodeCamp
a381d7f20fb7684656686138474cd1e44665c00b,chore(deps): update dependency stylelint to v16.26.1 (#67031),2026-04-21T09:25:01Z,2,33,renovate[bot],freeCodeCamp,freeCodeCamp
1cf34f96962f02c9376f341c95961b5a182f336a,feat(curriculum): add lab playlist remix engine (#65515),2026-04-21T09:05:15Z,4,399,VuBui217,freeCodeCamp,freeCodeCamp
641585f41944864a0f46097ceeb29b0c1a2907f4,fix(curriculum): clarify step 9 instructions in emoji reactor worksho…,2026-04-21T08:55:38Z,1,2,AyushK5ingh,freeCodeCamp,freeCodeCamp
93ccbf8cafbc33b67b1d744adc1873a4b8086a74,chore(deps): update dependency mongodb to v6.21.0 (#67028),2026-04-21T08:39:26Z,4,54,renovate[bot],freeCodeCamp,freeCodeCamp
39408b3c832d78783593c45709bb9facfa921e38,chore: land failing renovate updates (#67035),2026-04-21T08:32:02Z,24,1096,raisedadead,freeCodeCamp,freeCodeCamp
32c65547ac482a3d90ce733c00430e3dc163fd7b,feat(curriculum): Add A1 Spanish Describing People at Work Module (#6…,2026-04-20T21:10:02Z,141,18180,estefaniacn,freeCodeCamp,freeCodeCamp
b72906085e2f82b896c49e8c7f177a119f3bf4d7,feat(curriculum): add workshop-word-counter to JS v9 cert (#64012),2026-04-20T17:35:47Z,14,729,l3onhard,freeCodeCamp,freeCodeCamp
cba60d8511a31405afc13e05caa041234447003e,feat: add flashcard quiz app lab (#62166),2026-04-20T17:33:28Z,4,719,naomi-lgbt,freeCodeCamp,freeCodeCamp
7de997f37e08f2c3c59c781de563d4b5d1945b05,fix(client): use session-user endpoint on client (#66961),2026-04-20T16:32:26Z,2,13,Sembauke,freeCodeCamp,freeCodeCamp
3ff3bdc89c001af7082c1a7fc0613e6ac6e9acdd,chore(deps): update dependency bson to v7.2.0 (#67025),2026-04-20T15:19:36Z,1,8,renovate[bot],freeCodeCamp,freeCodeCamp
1a7cfda4f994d0b15d86194178473085894aa36c,chore(deps): update dependency babel-loader to v8.4.1 (#67018),2026-04-20T15:19:19Z,2,16,renovate[bot],freeCodeCamp,freeCodeCamp
b0015f3099677f05721227ca06a549dd531b19ce,"chore(i18n,client): processed translations (#67021)",2026-04-20T13:31:36Z,11,684,camperbot,freeCodeCamp,freeCodeCamp
85107c692a575d31439e9395d2206679b185cd6c,chore(deps): update dependency webpack to v5.106.1 (#67014),2026-04-20T13:30:25Z,3,928,renovate[bot],freeCodeCamp,freeCodeCamp
b6070b8357d177895a5a1ebb9ae511b1203780c4,fix(deps): pin out of range transitive dep (#67020),2026-04-20T11:16:19Z,3,336,raisedadead,freeCodeCamp,freeCodeCamp
7ac14ba69c38a85567ff0fc40127b35ed556fe52,chore(deps): update actions/setup-node digest to 48b55a0 (#67017),2026-04-20T09:02:49Z,6,22,renovate[bot],freeCodeCamp,freeCodeCamp
a04b483da92c2d90167ef0085b2ffb162a179353,fix(tools): update challenge-editor submodule (#67016),2026-04-20T08:16:18Z,1,2,majestic-owl448,freeCodeCamp,freeCodeCamp
25d3079089934343aea7e1611fb7ff6edcdb51dd,fix(curriculum): repair failing tests for doubly linked list challeng…,2026-04-20T08:05:54Z,1,69,AyushK5ingh,freeCodeCamp,freeCodeCamp
983b249de08f61dafec5985fb5c12cdd4535b3ef,test(client): stabilize UI regression tests,2026-04-20T04:31:26Z,17,1660,raisedadead,freeCodeCamp,freeCodeCamp
e88d5609e533c997b746003bd832b6dcf1682f12,fix(deps): update client runtime packages,2026-04-19T17:54:42Z,7,322,raisedadead,freeCodeCamp,freeCodeCamp
17602c2e343081dc9e85c7a2a421feee89e525ce,fix(deps): update React to 18.3.1,2026-04-19T17:50:07Z,2,760,raisedadead,freeCodeCamp,freeCodeCamp
ba46a1bb363b19b0ef468f5aca779e651d17afef,fix(deps): update runtime and test packages,2026-04-19T17:45:01Z,3,801,raisedadead,freeCodeCamp,freeCodeCamp
2cd6bedce46c9aabcb356b60f80923389ba56d86,chore(deps): update html-eslint react plugin,2026-04-19T17:36:12Z,2,158,raisedadead,freeCodeCamp,freeCodeCamp
f14bd7164822c7529b4d58a6f2aae49047caab41,chore(deps): update build tooling packages,2026-04-19T17:31:22Z,4,546,raisedadead,freeCodeCamp,freeCodeCamp
1765614f982bcca8a478ade44d2fc58bef56880a,chore(deps): update repo tooling packages,2026-04-19T17:26:27Z,5,719,raisedadead,freeCodeCamp,freeCodeCamp
7a5a6a40356a4ec99b5000d38a166b2efbf24ef7,chore(deps): replace deprecated xterm packages,2026-04-19T17:00:12Z,4,139,raisedadead,freeCodeCamp,freeCodeCamp
6b497e48e860acd0f62e34bfedb62340bb0078fb,refactor(curriculum): drop string-similarity,2026-04-19T16:55:14Z,3,91,raisedadead,freeCodeCamp,freeCodeCamp
f4a3d38e73cdd13185e808b61fb2cf1d09da1abd,chore(deps): remove deprecated stub packages,2026-04-19T16:49:35Z,3,101,raisedadead,freeCodeCamp,freeCodeCamp
dff49c9ee0c331085ceb0f9138b1a072aac9bc76,chore(ci): move pnpm config and pin doctl,2026-04-19T16:44:51Z,4,15,raisedadead,freeCodeCamp,freeCodeCamp
1a214641a8694e581a304cec0e40889e895147b9,fix(deps): update dependency react-scroll to v1.9.3 (#66997),2026-04-19T02:42:10Z,2,16,renovate[bot],freeCodeCamp,freeCodeCamp
1abeda4381476a18fb8fbb557973ab258869ecd4,fix(deps): update dependency typebox to v1.1.23 (#66998),2026-04-19T02:42:07Z,2,18,renovate[bot],freeCodeCamp,freeCodeCamp
d553a8bfa2c0d33a13fcfda67935f984838b6726,fix(deps): update dependency unist-util-find to v1.0.4 (#66999),2026-04-19T02:42:05Z,2,35,renovate[bot],freeCodeCamp,freeCodeCamp
7c5e523aa604cb4ccb05c5971fbd02bb5d42b653,fix(curriculum): add setup instructions to first backend challenge (#…,2026-04-18T20:01:32Z,1,6,ARUSHIGULBHILE,freeCodeCamp,freeCodeCamp
0e638a78add533ac4453866ceac1fda31792b459,fix(deps): update dependency nanoid to v3.3.11 (#66995),2026-04-18T18:56:59Z,2,17,renovate[bot],freeCodeCamp,freeCodeCamp
cc1d1c0f765cdd81589e9ec88a31328733b65137,fix(deps): update dependency micromark to v4.0.2 (#66994),2026-04-18T18:56:57Z,2,12,renovate[bot],freeCodeCamp,freeCodeCamp
e87b7f905f988b63534ca5f65a5bf891e71259de,fix(deps): update dependency js-yaml to v3.14.2 (#66988),2026-04-18T16:51:37Z,3,24,renovate[bot],freeCodeCamp,freeCodeCamp
bb3ada57ca69f5772772cc33cbf76557ad926aeb,fix(deps): update dependency gatsby to v5.16.1 (#66987),2026-04-18T16:51:33Z,2,85,renovate[bot],freeCodeCamp,freeCodeCamp
8085742321b131bb68eeff8088ce210c2ec6190a,fix(deps): update dependency crypto-browserify to v3.12.1 (#66986),2026-04-18T06:57:42Z,2,153,renovate[bot],freeCodeCamp,freeCodeCamp
5a90f99f40c43da0bbe8004edf53607c6986bed8,fix(deps): update dependency @loadable/component to v5.16.7 (#66985),2026-04-18T06:57:28Z,2,14,renovate[bot],freeCodeCamp,freeCodeCamp
b8798709359783f9843e8a4ab88572870752f4e7,"chore(i18n,learn): update i18n-curriculum submodule (#66984)",2026-04-18T06:10:34Z,1,2,camperbot,freeCodeCamp,freeCodeCamp
b54c9317c6ed09ac3e665f51cd19bab7bcd344ab,fix(deps): update dependency @growthbook/growthbook-react to v1.6.5 (…,2026-04-17T16:57:00Z,2,12,renovate[bot],freeCodeCamp,freeCodeCamp
774a2b4d002b06b527dbde90af32b9b1a27888b1,"chore(i18n,learn): update i18n-curriculum submodule (#66977)",2026-04-17T16:56:39Z,1,2,camperbot,freeCodeCamp,freeCodeCamp
a7f9fe91c46efa5fe9b7d7940d22b60a21b49cca,chore(deps): update testing-library (#66978),2026-04-17T16:55:28Z,2,133,renovate[bot],freeCodeCamp,freeCodeCamp
c5ac169196917e3c91327221111ec6667abf9161,chore(deps): update dependency i18next-fs-backend to v2.6.3 (#66958),2026-04-17T15:45:29Z,2,24,renovate[bot],freeCodeCamp,freeCodeCamp
dbea7d3e89b81713592208926e0f22459d455557,feat: create interfaces and types lab (#64659),2026-04-17T15:07:43Z,4,1687,a2937,freeCodeCamp,freeCodeCamp
ad8984ed24944cc337bcf03da2d3d7df9083839f,chore(deps): update dependency autoprefixer to v10.4.27 (#66956),2026-04-17T14:50:35Z,2,41,renovate[bot],freeCodeCamp,freeCodeCamp
690b83cc7d9cdbdf88862ae69cd0ba7713bf80f4,chore(deps): update dependency webpack-bundle-analyzer to v4.10.2 (#6…,2026-04-17T14:50:06Z,2,29,renovate[bot],freeCodeCamp,freeCodeCamp
8e78172b61ac33facaf8bc1eb15b8efe1584e313,chore(deps): update dependency canvas-confetti to v1.9.4 (#66957),2026-04-17T14:49:33Z,1,8,renovate[bot],freeCodeCamp,freeCodeCamp
56b7a6ba63f5ffcad90ea91b477725118d11c36b,chore(deps): update dependency @typescript/vfs-1.6.1 to v1.6.4 (#66955),2026-04-17T14:46:21Z,2,6,renovate[bot],freeCodeCamp,freeCodeCamp
e270d7a44b6f53824322c182acdae188ea46e436,fix(curriculum): add note to A2 and B1 quizzes (#66976),2026-04-17T13:21:45Z,51,102,huyenltnguyen,freeCodeCamp,freeCodeCamp
a0326c12107a3b09652c414f18d45919d5f6fc68,fix(curriculum): update Python V9 setter examples to call setter in _…,2026-04-17T09:02:14Z,23,850,Jeevankumar-s,freeCodeCamp,freeCodeCamp
1d4a7b13c1ece2f93b9263293679004deec6053c,feat: add fortune telling app (#62167),2026-04-17T08:01:04Z,58,29259,naomi-lgbt,freeCodeCamp,freeCodeCamp
9818bf94037783ae39be14599e3bb33760b763e9,chore(deps): update dependency @typescript/vfs to v1.6.4 (#66954),2026-04-17T05:35:33Z,2,2614,renovate[bot],freeCodeCamp,freeCodeCamp
3514bfb9336a3afc240637a8b1af0967f6217c53,"chore(i18n,learn): update i18n-curriculum submodule (#66918)",2026-04-16T07:26:01Z,1,2,camperbot,freeCodeCamp,freeCodeCamp
a6484203e14536daf8a31b374292393cd14a7188,fix(curriculum): update recursion check to support arrow function syn…,2026-04-16T07:20:01Z,1,3,ZeenatLawal,freeCodeCamp,freeCodeCamp
ce6ce7bbc29d7b7796ff033d3978cece00b1d699,"chore(i18n,client): processed translations (#66947)",2026-04-16T06:53:25Z,20,416,camperbot,freeCodeCamp,freeCodeCamp
a63c5f1b445c4cae516a04a71a5b55749dd0c1bd,chore: enable renovate on all packages (#66951),2026-04-15T17:49:03Z,1,48,raisedadead,freeCodeCamp,freeCodeCamp
31664b887d7de24c4e003dd6f6019aed3a1caf59,chore(deps): update dependency msw to v2.13.2 (#66948),2026-04-15T14:09:08Z,1,82,renovate[bot],freeCodeCamp,freeCodeCamp
37a2dc86ce5b9fff7cb96ebae260ba616f1860c2,fix(curriculum): add context for method chaining and this keyword (#6…,2026-04-15T13:08:36Z,1,32,lakshay122007,freeCodeCamp,freeCodeCamp
d5e00e3c1c6a9d832d15eddd1dfa63cbec7cd4cf,fix(curriculum): correct typo in form submission description (#66905),2026-04-15T12:51:37Z,1,2,riddhimachawla,freeCodeCamp,freeCodeCamp
be5bcd1260da30bbc1e6d4f72bce4dd186bb2755,fix(curriculum): fix test lab lightbox viewer (#66909),2026-04-15T12:10:11Z,1,2,AdityaSingh-18,freeCodeCamp,freeCodeCamp
fb9f6230f5cb0c4396cff61ed5b0f6867022869f,chore(deps): update dependency msw to v2.13.1 (#66942),2026-04-15T07:20:28Z,1,205,renovate[bot],freeCodeCamp,freeCodeCamp
2d2f5affd7d0ffc85161f835ff715abfce697877,fix(deps): update dependency typebox to v1.1.19 (#66929),2026-04-15T07:18:31Z,2,18,renovate[bot],freeCodeCamp,freeCodeCamp
19f5f0f9ee8d7a8374cec676ee6f54f336076913,fix(curriculum):  support logic checker single quotes in step 12 vali…,2026-04-15T06:38:19Z,1,2,Venkat-Entropik,freeCodeCamp,freeCodeCamp
dabb661d067bb01b649167fbe3a5dd030bba65a2,fix(curriculum): clarify async/await explanation in lecture content (…,2026-04-14T17:00:21Z,1,2,AyushK5ingh,freeCodeCamp,freeCodeCamp
526e09bbf0f2e16b6134ff2fdd50f13120b929b0,feat(curriculum): adding shape manager TS workshop (#63083),2026-04-14T16:44:12Z,54,19682,Ksound22,freeCodeCamp,freeCodeCamp
7aeefcb6779056cee280ff3e5605cd378518e51b,feat(curriculum): add workshop heritage library catalog (#66022),2026-04-14T11:22:54Z,34,3704,farchettiensis,freeCodeCamp,freeCodeCamp
a60ccdb29360ddc94643e8c1d23f4cdc9c45fd69,feat(curriculum): add product showcase lab (#65456),2026-04-14T09:01:08Z,4,972,Dario-DC,freeCodeCamp,freeCodeCamp
cf920c156cedcd217d6cd0088bef657585579768,fix(deps): update dependency typebox to v1.1.17 (#66926),2026-04-14T04:10:58Z,2,209,renovate[bot],freeCodeCamp,freeCodeCamp
20529461b04c104149ff6aa643dd584822ba4640,"chore(i18n,client): processed translations (#66915)",2026-04-13T19:04:44Z,12,10576,camperbot,freeCodeCamp,freeCodeCamp
b2daf5fef1995ac1d754337f7ea109b16afe3d31,fix: fix/build-catalog-contents (#66911),2026-04-13T15:24:29Z,2,6,ahmaxed,freeCodeCamp,freeCodeCamp
db9c147bc036453bc11cd3f315f946f16bbf395a,fix(deps): update dependency typebox to v1.1.16 (#66903),2026-04-13T14:35:32Z,2,18,renovate[bot],freeCodeCamp,freeCodeCamp
21dd18de31208df15328e85b6377d24ba77b87a1,fix(api): increase Socrates description max length to 10000 (#66912),2026-04-13T13:58:18Z,1,2,Jeevankumar-s,freeCodeCamp,freeCodeCamp
88044e699034f2441b5c4cb7fff8e87054c49444,fix(gha): consolidate PR check comments into single report (#66869),2026-04-13T11:32:21Z,10,326,raisedadead,freeCodeCamp,freeCodeCamp
6f059e8259c492886710e0769595a7d0eeb1597b,fix(client): preview button with screenreader text  (#63061),2026-04-13T10:57:29Z,6,114,a2937,freeCodeCamp,freeCodeCamp
02b12ac880d4bcb95da9fa7c21d74da1931fcd4a,feat(curriculum): add bug emoji picker workshop (#63673),2026-04-13T10:40:02Z,22,3132,ihechikara,freeCodeCamp,freeCodeCamp
8fd2d8e1b180b38b80382d87ff0eb088e8811597,fix(curriculm): missing article in explanation text (#66907),2026-04-13T06:06:50Z,1,2,Supravisor,freeCodeCamp,freeCodeCamp
9218c88686badb928d5716c7dd7cd7abf1279371,fix(deps): update dependency validator to v13.15.35 (#66884),2026-04-12T15:31:51Z,2,203,renovate[bot],freeCodeCamp,freeCodeCamp
4bedfd797d7c41712a9df4837e55192450eb49d7,feat(curriculum): add type safe math toolkit workshop to typescript m…,2026-04-09T19:52:55Z,22,1333,jdwilkin4,freeCodeCamp,freeCodeCamp
6ee501e85760f43360e5efcde3529e3e0ae5459f,feat(curriculum): release B1 English quizzes (#66881),2026-04-09T18:33:47Z,24,48,huyenltnguyen,freeCodeCamp,freeCodeCamp
593e25d5968fecd597183de2ff7825e1b370dc16,feat(curriculum): release A2 English quizzes (#66880),2026-04-09T18:33:22Z,27,54,huyenltnguyen,freeCodeCamp,freeCodeCamp
7c59c87e18f89526734d4b45f3816e866c15b4f9,fix(curriculum): b1 quizzes 13 to 24 issues (#66882),2026-04-09T18:22:51Z,2,10,DanielRosa74,freeCodeCamp,freeCodeCamp
727dc26d6dccda5492f2dcd43181a57967e71cba,"chore(i18n,learn): update i18n-curriculum submodule (#66878)",2026-04-09T16:29:25Z,1,2,camperbot,freeCodeCamp,freeCodeCamp
ac3c8e8b6a24a5afe2c5c2e4f5ad6b7f1a8b9f29,fix(deps): update dependency typebox to v1.1.14 (#66873),2026-04-09T15:12:36Z,2,18,renovate[bot],freeCodeCamp,freeCodeCamp
04d44aa177e753eee0470299031444be3cb1a8a6,fix(curriculam): include initStack in stack implementation requiremen…,2026-04-09T06:20:10Z,1,5,Venkat-Entropik,freeCodeCamp,freeCodeCamp
83bf9eb062f4fa6631d0cc013536529747e0fce6,"chore(i18n,client): processed translations (#66857)",2026-04-09T06:19:03Z,20,2356,camperbot,freeCodeCamp,freeCodeCamp
08df9ba124c7661b44538bd914e37adb384d7beb,test: use tsconfig when available (#66859),2026-04-09T04:58:07Z,1,16,ojeytonwilliams,freeCodeCamp,freeCodeCamp
aa9e25c411945039c477679238648c3b2892962e,fix(deps): update lodash monorepo to v4.18.1 (#66868),2026-04-09T03:36:56Z,2,57,renovate[bot],freeCodeCamp,freeCodeCamp
3d88db0660220493227b6e0c04f23b308709f621,feat(curriculum): EN-B1 quiz for block 24 (#66865),2026-04-08T19:27:41Z,1,361,anastasiiauk,freeCodeCamp,freeCodeCamp
bc49072aaf3120a2e9e4c98552c8f9f36d9b0e14,fix(deps): update prisma monorepo to v6.19.3 (#66858),2026-04-08T19:17:27Z,2,94,renovate[bot],freeCodeCamp,freeCodeCamp
06c40cc23f30c476a0116b37ba85694c110f8d59,refactor: separate getAuthedUser from authorize (#66842),2026-04-08T19:15:17Z,2,182,ojeytonwilliams,freeCodeCamp,freeCodeCamp
d69f24b31bd05d9e83443c10c4b652be0cb5c5a9,refactor(tooling): allow markdownlint to handle multiple files (#66771),2026-04-08T15:15:06Z,8,1077,ojeytonwilliams,freeCodeCamp,freeCodeCamp
448d320d21ac2488f34165a58063db449785ab59,feat(curriculum): EN-B1 quiz for block 23 (#66855),2026-04-08T11:53:56Z,1,361,anastasiiauk,freeCodeCamp,freeCodeCamp
ddac8f0593bee54752e61194bafe42107f8a90b1,feat(client): show loading icon when preview frame has not loaded yet…,2026-04-08T07:59:27Z,9,122,Sembauke,freeCodeCamp,freeCodeCamp
3cb26fc6a3a001888a2b3c5ddf52257c8bb1d0d8,feat(curriculum): EN-B1 quiz for block 22 (#66843),2026-04-08T06:34:56Z,1,361,anastasiiauk,freeCodeCamp,freeCodeCamp
7388dc5ff0baae256028dc113f652864879a8dab,fix(deps): update dependency typebox to v1.1.12 (#66844),2026-04-08T05:47:05Z,2,18,renovate[bot],freeCodeCamp,freeCodeCamp
e456e28f1640a44ebebd7980b6a0475581e1fa92,fix(api): update socrates endpoint (#66849),2026-04-07T22:33:23Z,2,6,raisedadead,freeCodeCamp,freeCodeCamp
7b8273e0e0bb6394341955bed259eb0ea3e27a4a,refator(api): drop useless SES SDK (#65496),2026-04-07T22:32:52Z,8,1079,raisedadead,freeCodeCamp,freeCodeCamp
1fb20ded39ec1e28d1c254fe0d00f8a949d041e9,fix(client): simplify search box text so less likely to ellipsis (#66…,2026-04-07T21:54:41Z,2,10,QuincyLarson,freeCodeCamp,freeCodeCamp
2906599befba604e893e6b8717fb8d955737c083,feat: add socrates (#65430),2026-04-07T13:33:20Z,51,1971,ahmaxed,freeCodeCamp,freeCodeCamp
2ad6e448faec629031006d5451a7d762ec9ce68d,feat(curriculum): Add type safe user profile to typescript module (#6…,2026-04-07T09:50:32Z,16,877,jdwilkin4,freeCodeCamp,freeCodeCamp
0e8da837bef5d9a4affa1d144c0aaff9f8a5b6d3,fix(.github): correct affected page help text in issue forms (#66816),2026-04-07T07:34:52Z,2,4,NotYash1066,freeCodeCamp,freeCodeCamp
e60a299ced630caff79a6c2a317534cff282b76b,fix(curriculum): update block layout from challenge-grid to challenge…,2026-04-07T07:28:13Z,1,2,martinezharo,freeCodeCamp,freeCodeCamp
85d7213b93c1f25242bb589b32bd8dc0b4e43147,fix(deps): update dependency typebox to v1.1.11 (#66838),2026-04-07T07:16:29Z,2,18,renovate[bot],freeCodeCamp,freeCodeCamp
f12b1227b45b0b1100e2ee82543872cd22f00a21,fix(GHA): add keys for email and socrates (#66826),2026-04-07T06:57:04Z,1,22,raisedadead,freeCodeCamp,freeCodeCamp
18f87e605156b3ba7bf673847f1980da1c5aba75,"chore(i18n,client): processed translations (#66831)",2026-04-06T14:49:49Z,11,120,camperbot,freeCodeCamp,freeCodeCamp
8ba6e4d72c5c566a281ca2cde19f7dfa6a181c1f,fix(curriculum): singular form of verb to match subject (#66824),2026-04-06T12:06:12Z,1,2,Supravisor,freeCodeCamp,freeCodeCamp
ae5926ba40ec4cdf516d714224dcf300a39f217b,fix(i18n): align Chinese A1 chapter 3/4 icons with Spanish (#66830),2026-04-06T11:35:56Z,2,11,Sembauke,freeCodeCamp,freeCodeCamp
f5544cef03a9101a3779d7229542172b15ab9f8c,"feat(i18n, learn): remove Korean from nonAuditedSuperBlocks (#66823)",2026-04-06T10:28:02Z,1,38,DanielRosa74,freeCodeCamp,freeCodeCamp
401b0b923dfd257e618e6e870d6b55be3bbe3930,"chore(i18n,learn): update i18n-curriculum submodule (#66820)",2026-04-06T00:17:57Z,1,2,camperbot,freeCodeCamp,freeCodeCamp
a2c9bdd8ba2d65ca3d1d8a3b13a672fd03e7cef2,fix(curriculum): correct incomplete code snippet in example question …,2026-04-06T00:08:31Z,1,2,TuomasJalonen,freeCodeCamp,freeCodeCamp
f3e3d9de5d96d391bee0b1de14bdc3e7ba3fb9ae,fix(deps): update dependency typebox to v1.1.9 (#66805),2026-04-05T13:28:50Z,2,209,renovate[bot],freeCodeCamp,freeCodeCamp
f1bb8240b01a279945ee7db2b90cf746a64b0846,fix(deps): update dependency typebox to v1.1.8 (#66798),2026-04-04T21:13:50Z,2,209,renovate[bot],freeCodeCamp,freeCodeCamp
a22b11743dd1b9b0d85323d11296bbbccb8aa71e,"chore(i18n,learn): update i18n-curriculum submodule (#66691)",2026-04-04T19:55:38Z,1,2,camperbot,freeCodeCamp,freeCodeCamp
6d06509de4ebd74d8dbf2dee2630bf9bedecba9d,chore(deps): update crowdin/github-action action to v2.16.0 (#66778),2026-04-04T17:16:01Z,3,22,renovate[bot],freeCodeCamp,freeCodeCamp
3f42b31e5762324ef451d03ff788afa41955f55d,fix(deps): update dependency @aws-sdk/client-ses to v3.1019.0 (#66758),2026-04-04T17:15:58Z,2,193,renovate[bot],freeCodeCamp,freeCodeCamp
131438e5b0f6aa7c47326109ca3734f1790f1e7f,fix(deps): update dependency typebox to v1.1.7 (#66777),2026-04-04T17:15:10Z,2,209,renovate[bot],freeCodeCamp,freeCodeCamp
df609a00251fcf9a1e7c787cfec18723f71399ec,fix: replace instagram icon with threads icon (#66793),2026-04-04T13:41:13Z,1,4,GulshanJha00,freeCodeCamp,freeCodeCamp
196b245a6cd31cf2dd698a8579e13b7a034f20e8,fix(tools): add a group name for clarity (#66792),2026-04-04T12:18:31Z,1,2,raisedadead,freeCodeCamp,freeCodeCamp
1ccedf93fb1dda81a63f75c9fb562e859075e5c1,fix(curriculum): allow optional semicolon in Linked List Step 5 (#66775),2026-04-03T22:40:31Z,1,6,narasimhan-lakshmi,freeCodeCamp,freeCodeCamp
53197ff838ecbd5e835bca6c9d8d6b624083e0d8,fix(curriculum): correct typos in lessons (#66755),2026-04-03T18:46:52Z,4,8,GalacticAvenger,freeCodeCamp,freeCodeCamp
a11ca64a0a13433e694a8f0eb717a90e57fb7621,fix(curriculum): add empty line to editable region in Build a Decimal…,2026-04-03T17:56:39Z,1,1,narasimhan-lakshmi,freeCodeCamp,freeCodeCamp
bb17e37fa9fb23faceb51a05222d2f5b6ea97308,fix(curriculum): correct typo in CSS foundations exercise instruction…,2026-04-03T16:54:10Z,1,2,Tiago-Vier-Preto,freeCodeCamp,freeCodeCamp
85f790c5274b1bcbb9db0c2c38226ab86cebb97b,feat(curriculum): EN-B1 quiz for block 21 (#66768),2026-04-03T13:14:36Z,1,361,anastasiiauk,freeCodeCamp,freeCodeCamp
56d2c64df56b6c8d16b6431589087dcb71f211ed,fix(e2e): mock get-session-user (i.e. what the client requests) (#66765),2026-04-03T10:27:00Z,1,2,ojeytonwilliams,freeCodeCamp,freeCodeCamp
b24fa81f54d4155a93892bd1748d72624e3d3b57,feat(curriculum): daily challenges 246-263 (#66715),2026-04-03T07:51:51Z,41,3450,moT01,freeCodeCamp,freeCodeCamp
a72fe073991cf3c824da02a4ff2e991ac8b0a4a8,revert(client): ensure donate button is always visible (#66754),2026-04-02T17:06:25Z,5,251,raisedadead,freeCodeCamp,freeCodeCamp
72ddb7a992919375652c1ca8702527f5416e6d98,fix(curriculum): correct typos in grammar explanations (#66746),2026-04-02T16:17:36Z,1,2,amish-pratap-singh-1,freeCodeCamp,freeCodeCamp
a2bcc848fc1a620db21d311ea5ae3548337bd647,fix: add missing empty line in decimal to binary step 35 (#66740),2026-04-02T13:10:03Z,1,1,aaryamanchanda,freeCodeCamp,freeCodeCamp
0ac89ed1686de9fe68cdb8eaf38f6086e038d5f6,feat(curriculum): EN-B1 quiz for block 20 (#66739),2026-04-02T10:53:21Z,1,361,anastasiiauk,freeCodeCamp,freeCodeCamp
9d9306f8c4dd6f8e323ceb56656c1a39a3c5eaa7,refactor: add session-user endpoint (#66330),2026-04-01T16:59:02Z,6,405,Sembauke,freeCodeCamp,freeCodeCamp
b2d33b7d6844acf6f0b1b19602cb0b895db874fb,feat(curriculum): release dynamic programming module js v9 cert (#66728),2026-04-01T15:23:18Z,5,9,Ksound22,freeCodeCamp,freeCodeCamp
2db06f745d77d1336d2e27ee0c3f67c5991ebfdd,feat(curriculum): release graphs and trees module js v9 cert (#66727),2026-04-01T15:22:28Z,9,17,Ksound22,freeCodeCamp,freeCodeCamp
83c766f5d26582c5ea4bb747233b4212fe328f36,feat(curriculum): EN-B1 quiz for block 19 (#66712),2026-04-01T14:01:35Z,1,379,anastasiiauk,freeCodeCamp,freeCodeCamp
2657f66f550c6844004859473c22b40f621630d2,"chore(i18n,client): processed translations (#66688)",2026-04-01T13:35:34Z,20,1272,camperbot,freeCodeCamp,freeCodeCamp
d586b5900bfc25f32e1cf8514ef6dd0b260e9842,fix(curriculum): wrong letter in basic personal info (#66724),2026-04-01T12:32:34Z,1,2,Supravisor,freeCodeCamp,freeCodeCamp
10ae07730713b60e99dcb23b244968a7dd1040f9,fix: correct typo in documentation and localization files  (#66704),2026-04-01T10:12:37Z,6,34,afsuyadi,freeCodeCamp,freeCodeCamp
8580ba0ace87ad584e60d46cf91bfaddfa606cf3, feat(client): ensure donate button is always visible (#66706),2026-04-01T08:05:18Z,5,251,Venkat-Entropik,freeCodeCamp,freeCodeCamp
9721f9c59f25629840be32ba67248e5a5d2c27c5,feat(curriculum): add shortest path algo to js v9 cert (#66681),2026-04-01T06:24:12Z,29,1971,Ksound22,freeCodeCamp,freeCodeCamp
35fccf241525d6b9202b7fa21ec02c97311afee4,feat(curriculum): add nth fibonacci number lab js v9 cert (#66720),2026-04-01T06:21:40Z,4,135,Ksound22,freeCodeCamp,freeCodeCamp
60d744d75c8c8705ce1576c9982686ba0ece5814,fix(deps): update dependency @aws-sdk/client-ses to v3.1016.0 (#66716),2026-04-01T04:06:46Z,2,553,renovate[bot],freeCodeCamp,freeCodeCamp
cead3cc698590918a053c48a6418ca9a12759183,fix(lint): more memory for bigger curriculum (#66714),2026-03-31T14:31:27Z,1,2,ojeytonwilliams,freeCodeCamp,freeCodeCamp
e4b45891a62812c6530bf0532c96aad3aaf54b71,fix(deps): update dependency @aws-sdk/client-ses to v3.1015.0 (#66606),2026-03-31T12:35:51Z,2,12,renovate[bot],freeCodeCamp,freeCodeCamp
799455f6254cc6113388a8e81d713362064a4b0a,fix(client): typo in hashtag constant (#66698),2026-03-31T12:34:06Z,2,16,Misrilal-Sah,freeCodeCamp,freeCodeCamp
81a9867dd4b5368bd7dcb28f39f7b44ea1f01c3a,feat(curriculum): add JS BFS workshop (#65848),2026-03-31T11:33:11Z,17,822,zairahira,freeCodeCamp,freeCodeCamp
20fa1de8783b12f58c77bcc47f9189f7ed3c0b48,feat(curriculum): add JS graphs and tree quiz (#65819),2026-03-31T09:47:16Z,4,475,zairahira,freeCodeCamp,freeCodeCamp
ba0ea71ed6b802382ddff111413e27879eda33a6,feat(curriculum): EN-B1 quiz for block 18 (#66710),2026-03-31T09:37:04Z,1,361,anastasiiauk,freeCodeCamp,freeCodeCamp
522bd8650b010daa8d3eaca7c74b3a500b16f0a8,fix(curriculum): correct Challenge 229 truncate text instructions and…,2026-03-31T07:42:11Z,2,8,Krishna040705,freeCodeCamp,freeCodeCamp
a25d278b3763781314bb4b9bf22997513281c70a,fix(client): update unauthenticated email sign-up button text (#66692),2026-03-31T07:07:54Z,3,20,ftoucch,freeCodeCamp,freeCodeCamp
9a0086e2a605c575d307f69ba4e0ae30b9743331,feat: add catalog (#66680),2026-03-30T19:12:07Z,8,116,ahmaxed,freeCodeCamp,freeCodeCamp
d94a4ef671df363218693d24a416a41f6825390f,fix(deps): update dependency fastify to v5.8.4 (#66685),2026-03-30T12:50:49Z,2,26,renovate[bot],freeCodeCamp,freeCodeCamp
77dd3bf333e91de7928e47b626a7ff32ea9e5223,feat(curriculum): EN-B1 quiz for block 17 (#66682),2026-03-30T12:22:49Z,1,379,anastasiiauk,freeCodeCamp,freeCodeCamp
1ee4062fda730dee023f936fef52b2c5f4c39898,fix(curriculm): add user story and test for theme switcher (#66636),2026-03-30T11:56:18Z,1,24,Supravisor,freeCodeCamp,freeCodeCamp
55607ea015dd363d6abcf18112365ed508b06a91,fix(curriculum): do not pass parameter to function (#66635),2026-03-30T11:16:32Z,1,6,Supravisor,freeCodeCamp,freeCodeCamp
508aaf22ec4b6270bbc1f0d340d4e78e93a9ca05,fix: Enhancement: Add test case for null containerId validation in ca…,2026-03-30T10:36:50Z,1,22,shikharyadav16,freeCodeCamp,freeCodeCamp
f4bd4781e81ad4cb405113d3dcb2b4a39c1770e4,chore(deps): update pnpm/action-setup digest to b906aff (#66637),2026-03-30T08:00:49Z,6,22,renovate[bot],freeCodeCamp,freeCodeCamp
044f75107652b14b919426b95caefce8a07c4413,chore(deps): update dependency msw to v2.12.14 (#66614),2026-03-30T08:00:46Z,1,82,renovate[bot],freeCodeCamp,freeCodeCamp
b3072d3324964e2e9f4b1db7ef6cc2f0d64439b4,feat(curriculum): add Build a Bar Chart lab (#62913),2026-03-30T07:54:35Z,4,1960,majestic-owl448,freeCodeCamp,freeCodeCamp
dd75c7e0dbf1df03becceef03efe13781219460a,"chore(i18n,learn): update i18n-curriculum submodule (#66664)",2026-03-28T15:32:16Z,1,2,camperbot,freeCodeCamp,freeCodeCamp
3f3509244c41e93d09bd22fea4c77d10a003db1f,feat(curriculum): release js v9 algorithms module (#66654),2026-03-27T18:47:58Z,10,19,Ksound22,freeCodeCamp,freeCodeCamp
0130f6ffb1e822bdb914b3ef5f6be524bce824a4,feat(curriculum): add merge sort workshop JSV9 (#66416),2026-03-27T17:04:04Z,28,1530,zairahira,freeCodeCamp,freeCodeCamp
431c77820e2a189a285bb7eff53aa0a34e0dd37d,feat(curriculum): add binary search workshop JSV9 (#65964),2026-03-27T14:15:35Z,19,890,zairahira,freeCodeCamp,freeCodeCamp
72f5d67f6a0823b26930d7e33acb71dbb5bb73df,fix(curriculum): align two A2 quiz dashed names with chapter planning…,2026-03-27T11:24:17Z,44,180,Sembauke,freeCodeCamp,freeCodeCamp
4a0365a0b58ec21e5889472f7ce69f4ce3e9217d,fix: handle GraphQL errors in createPages (#66642),2026-03-27T10:09:37Z,1,26,Riddhi8077,freeCodeCamp,freeCodeCamp
05365931cd093637e24c5c2dafb73f8ea2e2d652,fix(Curriculum): add note explaining anchor tag in HTML attributes le…,2026-03-27T07:43:29Z,1,2,Kows3002,freeCodeCamp,freeCodeCamp
af112a439f4d4a38178e3dbd892917858663e07a,feat(curriculum): EN-B1 quiz for block 16 (#66628),2026-03-26T22:15:01Z,1,379,anastasiiauk,freeCodeCamp,freeCodeCamp
f4ce4e4eaafa2427589e31280fc92d94add6196c,feat(curriculum): EN-B1 quiz for block 15 (#66619),2026-03-26T22:12:27Z,1,379,anastasiiauk,freeCodeCamp,freeCodeCamp
dcb56b77f77dcb23cf5829b32225c3e83a00789e,fix(curriculum): update tests for Build a House Painting lab (#66634),2026-03-26T20:48:41Z,1,9,jtrang,freeCodeCamp,freeCodeCamp
0ce80ac036e617210e39b7fc05e70910a287063a,fix(curriculum): add note on css classes in bookstore page workshop (…,2026-03-26T17:59:09Z,1,2,octavio-js,freeCodeCamp,freeCodeCamp
9985e0d62bd6f44ed6d30c6a910b9fc0678d889b,feat(curriculum): change the first distractor text (#66631),2026-03-26T17:07:49Z,1,2,octavio-js,freeCodeCamp,freeCodeCamp
8f7504b23b208924dfb16257b463fc41bdae9d3c,feat(curriculum): release js data structures module (#66630),2026-03-26T16:04:34Z,8,15,Ksound22,freeCodeCamp,freeCodeCamp
eda51dd4dadf71f335ddcdeb15fe18ca047d27ee,feat: add Facebook share button to allow users to share workshop prog…,2026-03-26T15:36:31Z,7,42,Venkat-Entropik,freeCodeCamp,freeCodeCamp
ae3faf71b580d6838485beb639c720d68d4f46f8,fix(GHA): make the comments slightly more actionable (#66626),2026-03-26T14:19:55Z,2,39,raisedadead,freeCodeCamp,freeCodeCamp
22b61790647615733771ba344c2a26be81deb0fa,feat(curriculum): add linked list workshop to js v9 cert (#66117),2026-03-26T14:16:41Z,24,1575,Ksound22,freeCodeCamp,freeCodeCamp
45ad8ebf2569b69c599c253a412e31f837674ee0,feat(curriculum): add stack data structure lab (#66251),2026-03-26T13:24:42Z,4,211,larymak,freeCodeCamp,freeCodeCamp
0c37028160e3eaa352c30393c974b1eb9dfb99a6,"fix(i18n, curriculum): fix review-python indentation in a function (#…",2026-03-26T10:57:16Z,1,2,DanielRosa74,freeCodeCamp,freeCodeCamp
921097b321cc83e7d83b5d0d75469d5e6ecba1cd,fix(client): prevent non-serializable editor instance in save actions…,2026-03-26T07:16:47Z,1,6,ragini-pandey,freeCodeCamp,freeCodeCamp
40796a80c3c5a58912feae6dd2c6b0a996b8d55b,"chore(i18n,learn): update i18n-curriculum submodule (#66620)",2026-03-25T20:36:25Z,1,2,camperbot,freeCodeCamp,freeCodeCamp
0b4ffeb3ee8e9494cc757b0b90b15b4da7fe0782,"chore(i18n,client): processed translations (#66618)",2026-03-25T18:54:18Z,11,1260,camperbot,freeCodeCamp,freeCodeCamp
067aef76460d6b01078496b5b23761527de81f68,fix(curriculum): add missing closing backticks to a block in review-j…,2026-03-25T10:54:40Z,3,6,DanielRosa74,freeCodeCamp,freeCodeCamp
623e49bf83d9de4e2674985681663baf8159b97f,chore: reorder catalog items (#66616),2026-03-24T23:55:29Z,18,338,jdwilkin4,freeCodeCamp,freeCodeCamp
1a884b745a7a9bbbd33bec581ce614b4ed94fbf4,fix(curriculum): correct module/function and elif terminology in Pyth…,2026-03-24T14:40:09Z,5,14,majestic-owl448,freeCodeCamp,freeCodeCamp
54af69349ebe823f02f9c25da509603d73c8e3fa,feat(curriculum): create Wildlife Tracker workshop (#65980),2026-03-24T14:07:58Z,15,1239,Jeevankumar-s,freeCodeCamp,freeCodeCamp
c1ae6b6ea9b842c4b813632ff5dd6416d9aceeeb,feat(curriculum): EN-B1 quiz for block 14 (#66611),2026-03-24T12:16:06Z,1,379,anastasiiauk,freeCodeCamp,freeCodeCamp
a1bd3bf6297b544f597d9a2f0535b27f98474487,feat(curriculum): EN-B1 quiz for block 13 (#66597),2026-03-24T12:06:50Z,1,379,anastasiiauk,freeCodeCamp,freeCodeCamp
a0f37ae0091a1f799df5db07b030706503104de4,fix(a11y): add initial focus to play button in speaking modal (#66419),2026-03-24T10:44:54Z,2,19,huyenltnguyen,freeCodeCamp,freeCodeCamp
ca05f09f304090ff8e574a0696d5124d0e62cd95,chore(deps): update dependency msw to v2.12.12 (#66605),2026-03-24T06:25:44Z,1,312,renovate[bot],freeCodeCamp,freeCodeCamp
a859acae662ac22c236bad9b4909aaf565af62b9,"chore(i18n,learn): update i18n-curriculum submodule (#66600)",2026-03-24T00:06:12Z,1,2,camperbot,freeCodeCamp,freeCodeCamp
dc51170f8c5541031232373a7d73389d4d30760c,fix(client): override custom button restyling (#66608),2026-03-23T23:33:13Z,1,1,danzolotov,freeCodeCamp,freeCodeCamp
cd82a29acaf670398fcbc00fb42f4511cc1ebc66,chore(deps): update Font Awesome dependencies to latest (#66572),2026-03-23T20:02:40Z,3,431,Sembauke,freeCodeCamp,freeCodeCamp
74bc88f3cb14d3a684a5069932cdd0bf8eb0f6e3,"chore(i18n,client): processed translations (#66598)",2026-03-23T20:02:09Z,20,2702,camperbot,freeCodeCamp,freeCodeCamp
0a41253681ac4f44579c4fa13eb8a47f9a92e187,fix(curriculum): update step description for Caesar cipher challenge …,2026-03-23T17:09:16Z,1,4,okorie2,freeCodeCamp,freeCodeCamp
80ad151900a72afb95ccc85477703139eceb4ac8,fix(curriculum): correct example for ochenta y uno gender rule (#66544),2026-03-23T15:09:22Z,1,2,apoorvdarshan,freeCodeCamp,freeCodeCamp
f30459a750086dd7acaa4050584b87f1c65dc010,fix(curriculum): add names and roles to examples (#66571),2026-03-23T13:31:09Z,107,508,anastasiiauk,freeCodeCamp,freeCodeCamp
08db6f8258072e42d988cc042b1630948a820c3d,refactor(client): migrate Gatsby setup files to TypeScript (#66367),2026-03-23T09:28:04Z,6,103,Sembauke,freeCodeCamp,freeCodeCamp
fe421a03c68ba45c0f8acd7b0e187a501538d820,feat(client): mobile advert for small screen sizes (#66212),2026-03-23T07:01:58Z,9,443,Sembauke,freeCodeCamp,freeCodeCamp
fb6e30d34a48ec78a7d05cfe1ac23a61b918b3d2,chore(deps): update dependency msw to v2.12.11 (#66593),2026-03-23T06:04:32Z,1,312,renovate[bot],freeCodeCamp,freeCodeCamp
aa083b9a0127f1cdb43a9bd6fcf11c11842bae77,fix: correct typos in README.md (#66592),2026-03-23T05:10:22Z,1,6,Nouhaaouiti,freeCodeCamp,freeCodeCamp
eda285189bf47a71aa298890eeee5bd436cde708,fix(curriculum): emphasize double negatives in user stories (#66582),2026-03-22T08:43:00Z,3,26,hbar1st,freeCodeCamp,freeCodeCamp
81fe118aed88d2e7bec10c86c85db9e39b71a81e,chore(deps): upgrade freecodecamp/ui to v6.0.0 (#66443),2026-03-22T03:53:26Z,5,64,huyenltnguyen,freeCodeCamp,freeCodeCamp
ff1d3683b567933999c3c795dfb74d4a22893c16,fix(deps): update dependency @aws-sdk/client-ses to v3.1009.0 (#66569),2026-03-21T15:29:37Z,2,1007,renovate[bot],freeCodeCamp,freeCodeCamp
f04c56cf3ade02eba39a41942f5241d3e4687e96,chore(deps): update github actions (#66573),2026-03-21T15:29:10Z,4,26,renovate[bot],freeCodeCamp,freeCodeCamp
51c03a58cabf042123664ee65bdd438877758df8,"chore(i18n,learn): update i18n-curriculum submodule (#66577)",2026-03-21T03:38:23Z,1,2,camperbot,freeCodeCamp,freeCodeCamp
32b84dc9266b9b79818d7cb0ab574e1efa724ff0,fix(curriculum): en-B1-quiz 1-12 audio timestamp fixes and general su…,2026-03-20T06:10:25Z,10,46,DanielRosa74,freeCodeCamp,freeCodeCamp
922e1330130faf69800bed445224f46cc23aea8a,fix(e2e): stabilize editor test (#66565),2026-03-20T02:59:57Z,1,15,huyenltnguyen,freeCodeCamp,freeCodeCamp
ac69d0a4c76f8f291f46fbb38d5b7bbb8d3f808b,fix: correct Back-End Development and APIs cert name (#66566),2026-03-20T01:22:49Z,1,2,AsmaAouiti,freeCodeCamp,freeCodeCamp
fc4c2bff39b2724829c5a885c73c834a2f5e8cd1,chore(deps): update crowdin/github-action action to v2.15.1 (#66561),2026-03-19T17:20:24Z,3,22,renovate[bot],freeCodeCamp,freeCodeCamp
e314ca7be6149c72c8b83cc9c59c89af2f83a7eb,fix: remove duplicate the in Odin Project reference (#65971),2026-03-19T15:13:28Z,3,6,realMelTuc,freeCodeCamp,freeCodeCamp
e84ccfe12a9c4e1358b562873742d70f175c2258,chore(deps): update curriculum-helpers to v9.0.0 (#66421),2026-03-19T15:05:32Z,2,513,Dario-DC,freeCodeCamp,freeCodeCamp
3e0f86fbbd0d9a4d330f0cf7b9e61f8606a7480c,feat(curriculum): add working with express theory block (#66215),2026-03-19T14:44:11Z,5,411,majestic-owl448,freeCodeCamp,freeCodeCamp
0e9a06b4838513a0d75b88e8caff82444d22e3f1,fix(client): add missing translation string (#66558),2026-03-19T14:15:00Z,1,1,huyenltnguyen,freeCodeCamp,freeCodeCamp
5baa3e8093a6f4dcc5870c71b5b1029b58574409,chore(deps): update pnpm/action-setup action to v4.3.0 (#66554),2026-03-19T14:12:05Z,1,4,renovate[bot],freeCodeCamp,freeCodeCamp
3c77e8b2d48aa0ec18e38d00829d000775ef2589,fix(client): add Beta to English cert titles (#66547),2026-03-19T11:37:02Z,3,40,huyenltnguyen,freeCodeCamp,freeCodeCamp
0ee85d6390a83e408c1178f512b2d85fc4e0dc26,"chore(i18n,learn): update i18n-curriculum submodule (#66549)",2026-03-18T22:36:04Z,1,2,camperbot,freeCodeCamp,freeCodeCamp
b6d0663704b0306b6f6567457c39aa57e24cde00,feat(Curriculum): add 1 Spanish character and 2 Chinese (#66550),2026-03-18T19:29:10Z,4,49,nieldakarla,freeCodeCamp,freeCodeCamp
660f39d6f53a99bdbbf39fb12676d4a048d3cd4f,chore: remove prompting course (#66553),2026-03-18T19:16:34Z,25,584,jdwilkin4,freeCodeCamp,freeCodeCamp
7815cb635f3d42cc8467333940b8b062a66195ba,feat(curriculum): Add A1 Chinese Numbers below 100 (#65773),2026-03-18T19:08:45Z,108,8591,miyaliu666,freeCodeCamp,freeCodeCamp
85c29457afda09be5fb54e7c00e0f7a39d045bfd,"fix(client, curriculum): prompting course URL names (#66528)",2026-03-18T16:37:47Z,17,44,jdwilkin4,freeCodeCamp,freeCodeCamp
1a505276945e3c3985599e8b3123fd714ab50eca,"chore(i18n,client): processed translations (#66548)",2026-03-18T13:19:23Z,20,22596,camperbot,freeCodeCamp,freeCodeCamp
32f20a1ba99f49c8fb158a3aef0e2ca813c59ccb,feat(curriculum): add Cargo Manifest Validator Lab to JavaScript v9 (…,2026-03-18T13:16:53Z,4,882,LGH831,freeCodeCamp,freeCodeCamp
64697945303cd264a0d4946a32f61a09848087bf,fix: skip 'help wanted' on linked issue check for Naomi's Sprints ass…,2026-03-18T10:41:30Z,1,17,majestic-owl448,freeCodeCamp,freeCodeCamp
3baf4610121bd17a85fc72e6c929696d9878b04d,fix: make PR template checklist header check case-insensitive (#66543),2026-03-18T10:40:37Z,1,16,majestic-owl448,freeCodeCamp,freeCodeCamp
a74e55ee4b209b8cdc55ccd40af21c6f94b0a65b,feat(curriculum): daily challenges 230-245 (#66511),2026-03-17T19:14:32Z,35,3150,moT01,freeCodeCamp,freeCodeCamp
e66bf09dce6de0275750dbdc6d82a6e8253efcf2,"refactor(tools,client): remove head and tail logic (#66524)",2026-03-17T16:59:16Z,34,1022,Sembauke,freeCodeCamp,freeCodeCamp
1990ba67948d789b852fbf28a5917f1cba761946,fix: incorrect answer in quiz-graphs-and-trees question (#66526),2026-03-17T16:32:06Z,1,2,KadamPrasad01,freeCodeCamp,freeCodeCamp
7c3c64bf8d5c014154abbe16aba55a70ff41af2f,refactor(curriculum): remove block name metadata and source titles fr…,2026-03-17T15:43:14Z,984,1479,Sembauke,freeCodeCamp,freeCodeCamp
776ce24c8e6b54ba65ed374431cfcecaabb85d55,fix: URL names for learn python course (#66513),2026-03-17T12:16:49Z,45,142,jdwilkin4,freeCodeCamp,freeCodeCamp
29028bbefa8f22f4aa5af180d81366e3284860a3,"feat(i18n, learn): remove Italian and Ukrainian from NotAuditedSuperB…",2026-03-17T11:07:13Z,1,43,DanielRosa74,freeCodeCamp,freeCodeCamp
843d98bd421552a73992903fd0c5e02962f6a8ab,fix(curriculum): minor adjustments to catalog courses' intro (#66523),2026-03-17T10:53:29Z,1,30,huyenltnguyen,freeCodeCamp,freeCodeCamp
f8927961559c11f614ac0e95be137d29ed0c7d3a,fix(curriculum): clarify where to write code in string formatter work…,2026-03-17T10:09:51Z,2,4,majestic-owl448,freeCodeCamp,freeCodeCamp
7cd97506c3bce046574c096878317b41547d6197,"chore(i18n,learn): update i18n-curriculum submodule (#66517)",2026-03-17T10:09:30Z,1,2,camperbot,freeCodeCamp,freeCodeCamp
2c4f0023edaf768063fc250859f1b4c14c8bfed3,feat(curriculum): add searching and sorting quiz JSV9 (#66007),2026-03-17T10:04:05Z,4,257,zairahira,freeCodeCamp,freeCodeCamp
6a29f37ee714a43b20d742294dd2b141372ba8a0,chore(curriculum): remove before/after user code (batch 10) (#66505),2026-03-17T09:59:07Z,5,135,Sembauke,freeCodeCamp,freeCodeCamp
63f605de9c7087318277c5f677b45383461b9ec4,chore(curriculum): remove before/after user code (batch 08-09) (#66504),2026-03-17T09:59:03Z,10,69,Sembauke,freeCodeCamp,freeCodeCamp
d0dd831fb927cec20fcb34cb0b8f4e41635e212f,chore(curriculum): remove before/after user code (batch 06-07) (#66503),2026-03-17T09:59:00Z,10,60,Sembauke,freeCodeCamp,freeCodeCamp
2c2405b1c8a301c8550c632d63663d05f05e054c,chore(curriculum): remove before/after user code (batch 05) (#66499),2026-03-17T09:58:57Z,5,30,Sembauke,freeCodeCamp,freeCodeCamp
ae153f8f087a685d5c9412b78ce81615519a99c0,chore(curriculum): remove before/after user code (batch 04) (#66498),2026-03-17T09:58:54Z,5,42,Sembauke,freeCodeCamp,freeCodeCamp
490c003b647ae8b2c7849c6ee4fedc0987d10c25,chore(curriculum): remove before/after user code (batch 03) (#66497),2026-03-17T09:58:50Z,5,140,Sembauke,freeCodeCamp,freeCodeCamp
b5304e70a0715dee24ca60cb2839f642bdc3273a,chore(curriculum): remove before/after user code (batch 02) (#66496),2026-03-17T09:56:28Z,5,93,Sembauke,freeCodeCamp,freeCodeCamp
4cd1a9344c7bd0a26c93e97e21327a2532807553,chore(curriculum): remove before/after user code (batch 01) (#66495),2026-03-17T09:56:24Z,5,30,Sembauke,freeCodeCamp,freeCodeCamp
0b18ac0616dae4788862bb8fbaa9e5f1646c3051,feat(curriculum): add npm review page (#66256),2026-03-17T09:11:36Z,4,137,zairahira,freeCodeCamp,freeCodeCamp
7579d240716aa515701cb7bbc42029556cdb151b,fix(curriculum): Uncountable noun in plural form in B1 English (#66516),2026-03-17T07:53:48Z,1,2,Supravisor,freeCodeCamp,freeCodeCamp
caa5d42e4110f14cf9c22d020066224a9137d1a6,feat: add interactive JS courses to catalog (#66406),2026-03-17T05:20:35Z,29,1935,jdwilkin4,freeCodeCamp,freeCodeCamp
86a94eeca0472ad389669bbfdbe7c44f9cfdee69,"chore(i18n,learn): update i18n-curriculum submodule (#66507)",2026-03-16T23:20:02Z,1,2,camperbot,freeCodeCamp,freeCodeCamp
ef0ad2b5c4545eb7291a755509adfbd9831f2368,fix: url names for dsa course (#66447),2026-03-16T20:40:39Z,64,172,jdwilkin4,freeCodeCamp,freeCodeCamp
17143a4821ad8c3d9d61f1faccaca5f9d798fd13,feat: add python OOP course to catalog (#66343),2026-03-16T20:40:03Z,20,422,jdwilkin4,freeCodeCamp,freeCodeCamp
f37ad74cec7d763a0582db87e739b43b3d831e4f,feat: add interactive python courses catalog (#66409),2026-03-16T19:19:15Z,19,832,jdwilkin4,freeCodeCamp,freeCodeCamp
5b7345ad9415ada9291262df3f7ede161b531de2,"chore(i18n,client): processed translations (#66502)",2026-03-16T18:38:56Z,20,1448,camperbot,freeCodeCamp,freeCodeCamp
9356588e80f07d310ea60a1665590efeef242f68,feat(client): add tsconfig support to editor and use it in ts compile…,2026-03-16T17:42:24Z,17,254,ojeytonwilliams,freeCodeCamp,freeCodeCamp
c9071dd6a9fc5d9d19b7243e90486cf1c99818b3,"fix(client,curriculum): add MathJax support for Precalculus (#66441)",2026-03-16T17:22:31Z,12,113,huyenltnguyen,freeCodeCamp,freeCodeCamp
3c21283045224c7dc5063dd0c5e90c5b4ae0b4cf,fix: strip markdown links when checking PR template checkboxes (#66494),2026-03-16T14:38:22Z,1,10,majestic-owl448,freeCodeCamp,freeCodeCamp
f7753e8a22e80b2b7bb28a74527a3009db04df12,feat(client): sidebar-nav on review-pages (#65897),2026-03-16T10:18:12Z,14,1070,Sembauke,freeCodeCamp,freeCodeCamp
b68af56d7d53990116feb2fecd141141d9d0cf59,fix(curriculum): remove before/after-user-code in es6 block (#66487),2026-03-16T09:11:03Z,2,32,Sembauke,freeCodeCamp,freeCodeCamp
20bedadd4017120e9704a66ff3521a715655dddf,fix(curriculum): remove before/after-user-code in redux block (#66486),2026-03-16T09:10:56Z,2,21,Sembauke,freeCodeCamp,freeCodeCamp
bdf4ff86cf7c3e854962d62e18d6b6a6078912eb,fix(curriculum): remove before/after-user-code in react-and-redux blo…,2026-03-16T09:10:52Z,6,93,Sembauke,freeCodeCamp,freeCodeCamp
946a88ca4f68840f5781b2a9118abd5133a72363,fix(curriculum): migrate data-structures setup from after-user-code (…,2026-03-16T09:10:47Z,7,142,Sembauke,freeCodeCamp,freeCodeCamp
69b6fe3e0b5f635e15d3e09063cf776854860528,fix(curriculum): remove before/after-user-code in functional-programm…,2026-03-16T09:08:48Z,1,22,Sembauke,freeCodeCamp,freeCodeCamp
9451e59b3fe134e97e62689d3d0f4f763ca29538,fix(curriculum): migrate data-structures setup from after-user-code (…,2026-03-16T09:08:34Z,6,36,Sembauke,freeCodeCamp,freeCodeCamp
171d12afa4ad11fa2e54f7c224cf8a7d20b0dcb9,fix(curriculum): remove before/after-user-code from 5 basic javascrip…,2026-03-16T09:08:30Z,5,53,Sembauke,freeCodeCamp,freeCodeCamp
a7e5ad3287f8d18c373ff36192f66a1317cdf676,fix(ci): allow spaces around x in PR template checkboxes (#66476),2026-03-16T07:22:58Z,1,5,majestic-owl448,freeCodeCamp,freeCodeCamp
0fc80621fb857d33697f583a04aaae3353cdb470,fix: add missing test case and fix double semicolon in screaming snak…,2026-03-15T19:04:52Z,2,17,Harshith Kumar,freeCodeCamp,freeCodeCamp
da0eea689e118c746313f106360dfd251ef7f399,fix(curriculum): Updated 'How Do You Access and Update Elements in an…,2026-03-15T18:13:15Z,1,2,p-rhodes,freeCodeCamp,freeCodeCamp
5d6a286837da43c9abb30d8e03457cb67b7abae4,fix(curriculum): remove before/after-user-code from basic javascript …,2026-03-15T17:30:40Z,2,57,Sembauke,freeCodeCamp,freeCodeCamp
f853374e4dd828c40552ab578ec77a74c482d18e,fix(curriculum): remove before/after-user-code from basic javascript …,2026-03-15T17:30:36Z,3,18,Sembauke,freeCodeCamp,freeCodeCamp
be81d120338fdd44fe90c164051452d0e7e70afe,fix(curriculum): remove before/after-user-code from basic javascript …,2026-03-15T17:29:18Z,2,12,Sembauke,freeCodeCamp,freeCodeCamp
877f36aed4136b4403f28f2d06dfb6e4928986c6,fix(curriculum): remove before/after-user-code from basic javascript …,2026-03-15T17:21:26Z,3,18,Sembauke,freeCodeCamp,freeCodeCamp
db2ced37a7307a9a0a7ee5c57059e7100c4d3a05,fix(curriculum): remove before/after-user-code from basic javascript …,2026-03-15T17:19:24Z,3,18,Sembauke,freeCodeCamp,freeCodeCamp
981a971028b849064e0dea5aacd779c5d897305a,fix(curriculum): remove before/after-user-code from basic javascript …,2026-03-15T16:02:35Z,5,30,Sembauke,freeCodeCamp,freeCodeCamp
2d810c98a5bc6a0b71c168b58c2514623aa0e5d6,fix(curriculum): remove before/after-user-code from basic javascript …,2026-03-15T16:02:28Z,5,30,Sembauke,freeCodeCamp,freeCodeCamp
7bffeff2fd2c6ca752c26ec0f2fe2c2c4a20baca,fix(curriculum): remove before/after-user-code from basic javascript …,2026-03-15T16:02:24Z,5,78,Sembauke,freeCodeCamp,freeCodeCamp
d7ea28341ea34bcedd9821dcff71e4847f559cda,fix(curriculum): remove before/after-user-code from basic javascript …,2026-03-15T16:02:02Z,5,30,Sembauke,freeCodeCamp,freeCodeCamp
4ab140121c4629f248f6633859d1b43107095e03,fix(curriculum): remove before/after-user-code from basic javascript …,2026-03-15T15:44:33Z,5,63,Sembauke,freeCodeCamp,freeCodeCamp
b69f941bc5c1c28ef53b96b25d0234a581ce9f13,feat(github): add workflow for PR contribution guidelines (#66380),2026-03-15T11:09:32Z,6,478,huyenltnguyen,freeCodeCamp,freeCodeCamp
612e291f5103f2a5408c03a53b6f0164e1bf7f94,fix(curriculum): remove before/after-user-code from basic javascript …,2026-03-14T18:27:44Z,4,57,Sembauke,freeCodeCamp,freeCodeCamp
a36daa512bf7fe50714349fe1820ec5c2e18ec33,fix(curriculum): remove before/after-user-code from basic javascript …,2026-03-14T18:27:40Z,4,36,Sembauke,freeCodeCamp,freeCodeCamp
b1867c4899668a91bbfc7ed645087e3a366d0f8d,fix(curriculum): remove before/after-user-code from basic javascript …,2026-03-14T18:27:24Z,4,26,Sembauke,freeCodeCamp,freeCodeCamp
3be00dacda0e4dd1b1ea61097f29d1df44f683d9,fix(curriculum): remove before/after-user-code from basic javascript …,2026-03-14T18:26:22Z,4,24,Sembauke,freeCodeCamp,freeCodeCamp
f426690248a1973d8f5f221c80522d33c952055f,chore(deps): update dependency @types/node to v24.12.0 (#66412),2026-03-14T14:19:04Z,1,334,renovate[bot],freeCodeCamp,freeCodeCamp
3a64c4b245e88a4cd65c73985701329721e7cf60,fix(curriculum): remove before/after-user-code from project euler cha…,2026-03-14T13:45:46Z,4,126,Sembauke,freeCodeCamp,freeCodeCamp
5e8b8088aaf7f2f5f6f2d7a50aa8068174f4ddf8,fix(curriculum): remove before/after-user-code from project euler cha…,2026-03-14T13:45:44Z,4,124,Sembauke,freeCodeCamp,freeCodeCamp
e2284a7d28806fa86fb572c19b531b93fd9817fb,fix(curriculum): remove before/after-user-code from project euler cha…,2026-03-14T13:45:20Z,4,104,Sembauke,freeCodeCamp,freeCodeCamp
6cb710438075d68c1be2c1991879ca446060f401,fix(curriculum): remove before/after-user-code from project euler cha…,2026-03-14T13:44:58Z,4,114,Sembauke,freeCodeCamp,freeCodeCamp
9a21bd76cd9eb37720e228cfc39fac41afbab609,chore(deps): update pnpm/action-setup digest to fc06bc1 (#66423),2026-03-14T12:37:02Z,6,22,renovate[bot],freeCodeCamp,freeCodeCamp
a8ce580f2220bac652cb6a6ae411406b83672572,fix(deps): update dependency fastify to v5.8.2 (#66450),2026-03-14T12:35:47Z,2,12,renovate[bot],freeCodeCamp,freeCodeCamp
1c30e353a49f5574371443b3d69046cd2f7b756f,chore(deps): update dependency eslint to v9.39.4 (#66445),2026-03-14T12:35:37Z,1,837,renovate[bot],freeCodeCamp,freeCodeCamp
81685bcbbb8b7e72b16000807e1532e187a044e5,feat(curriculum): add Space Mission Roster Workshop - JavaScript v9 (…,2026-03-14T12:28:45Z,35,3899,LGH831,freeCodeCamp,freeCodeCamp
f61cd9fbf8ec992a5b54750f354f5ffe5c9ed29c,feat(curriculum): add background and border example (#66398),2026-03-14T11:08:46Z,1,25,octavio-js,freeCodeCamp,freeCodeCamp
2d75967c3770d4da2170ff057a50208b9abbbe18,fix(curriculum): update test for lab currency converter (#66403),2026-03-14T10:29:12Z,1,20,AdityaSingh-18,freeCodeCamp,freeCodeCamp
1bfdfcb8cd34a04764fe83d89c0120b9e6c96420,fix: truncate search input placeholder on mobile viewports (#66449),2026-03-14T09:26:11Z,1,2,Venkat-Entropik,freeCodeCamp,freeCodeCamp
efa59cb7187444de8253f1599b5a1169e008b900,"refactor(client,curriculum): remove showSpeakingButton from challenge…",2026-03-14T09:23:08Z,248,250,huyenltnguyen,freeCodeCamp,freeCodeCamp
e39731313283e6dbcb7c75ca53620dafb9dc785e,fix(client): reduce gap between action row and breadcrumbs (#66317),2026-03-14T09:21:38Z,3,14,huyenltnguyen,freeCodeCamp,freeCodeCamp
96fa06b1014d575dd20fa40bab771044a3d9bf8f,fix(curriculum): make test consistent with lowercase storage (#66420),2026-03-14T09:13:18Z,1,6,AdityaSingh-18,freeCodeCamp,freeCodeCamp
854f619472dba79ed988585b079b70bd804660bb,fix(curriculum): fix lab-scatterplot-graph not passing test-curriculu…,2026-03-14T01:37:16Z,1,2,DanielRosa74,freeCodeCamp,freeCodeCamp
b8c6ce977ce87a285ffa9c8e13a2d5fc78629b53,fix(curriculum): remove before/after-user-code from rosetta challenge…,2026-03-13T18:34:38Z,3,548,Sembauke,freeCodeCamp,freeCodeCamp
975706e5e35aa87a5f0d8bffd8f7d15c5b8229c3,fix(curriculum): remove before/after-user-code from rosetta challenge…,2026-03-13T17:55:17Z,5,95,Sembauke,freeCodeCamp,freeCodeCamp
10015b464683a1f800521b73f7a765f438b36d86,fix(curriculum): remove before/after-user-code from rosetta challenge…,2026-03-13T17:55:12Z,5,236,Sembauke,freeCodeCamp,freeCodeCamp
1be5cc5fd936b5089ff9827c32140ed43d4a3ebb,fix(curriculum): remove before/after-user-code from rosetta challenge…,2026-03-13T17:52:03Z,5,115,Sembauke,freeCodeCamp,freeCodeCamp
6af1509ab61ae580895ebaa4ac9c6d7e7c24570e,fix(curriculum): clarify which anchor element to modify in cat photo …,2026-03-13T17:19:06Z,1,2,majestic-owl448,freeCodeCamp,freeCodeCamp
ceea951956fecbf1e4c8329e0c7a422f822169e4,feat(curriculum): Add an example of invalid syntax for an if-else blo…,2026-03-13T16:54:54Z,1,12,octavio-js,freeCodeCamp,freeCodeCamp
94517213d947c923026c94e6687e59b76c8cfd55,fix(challenge-builder): preserve defer behavior when embedding extern…,2026-03-13T15:24:25Z,2,150,Sembauke,freeCodeCamp,freeCodeCamp
fbda2ee939953298239bba962dee224e76db3c4f,fix(curriculum): remove before/after-user-code from rosetta challenge…,2026-03-13T14:27:08Z,5,479,Sembauke,freeCodeCamp,freeCodeCamp
360c926aba75f9ff05d43e4a867228e79ac117c8,fix(curriculum): clarify step descriptions in employee profile genera…,2026-03-13T13:44:33Z,5,11,majestic-owl448,freeCodeCamp,freeCodeCamp
5713194d48e5567cb24a9f7b0970786d55b96e59,"feat(client,curriculum): add MCP and RAG course to catalog (#66315)",2026-03-13T13:41:11Z,33,903,jdwilkin4,freeCodeCamp,freeCodeCamp
f0ba207b6e987544ee8a43e88634afbe6028b456,fix(curriculum): remove before/after-user-code from rosetta challenge…,2026-03-13T13:35:27Z,0,0,Sembauke,freeCodeCamp,freeCodeCamp
6d2827099112c6cf539a3b86cd2f3cd79d701f45,fix(curriculum): clarify border description in Game Settings Panel - …,2026-03-13T13:22:50Z,1,2,huyenltnguyen,freeCodeCamp,freeCodeCamp
6111504be450ef30cb7c67f89c8534a6c85f6a17,fix(curriculum): remove before/after-user-code from first 5 rosetta c…,2026-03-13T12:38:07Z,5,93,Sembauke,freeCodeCamp,freeCodeCamp
52e2141f4a21251e7387b3ad185ad1ac3c0f547c,fix(client): use requestAnimationFrame to focus editor on mount in Fi…,2026-03-13T12:34:40Z,2,12,ragini-pandey,freeCodeCamp,freeCodeCamp
c70d7f8549818c2a7ebc5e0322ea63cba3569760,fix(curriculum): update terminology in JavaScript Functions Review (#…,2026-03-13T12:12:21Z,1,2,shOumik-saha,freeCodeCamp,freeCodeCamp
01080c5d8d9da5ce7b684e623c0ce7f8f9f59266,fix(curriculum): remove before/after-user-code from rosetta challenge…,2026-03-13T11:50:14Z,5,94,Sembauke,freeCodeCamp,freeCodeCamp
062b3b2002a92f097fa7bc6bf57d929fd2fc7d3b,fix(curriculum): remove before/after-user-code from rosetta challenge…,2026-03-13T10:35:08Z,5,95,Sembauke,freeCodeCamp,freeCodeCamp
1bc166aa088eda8039ffa0ad5b0449031b95fd0f,feat(curriculum): add JS graphs and trees review page (#65818),2026-03-13T09:13:30Z,4,130,zairahira,freeCodeCamp,freeCodeCamp
2a4cd06afce5adfe79d42102150bd57d7ddafb05,fix(curriculum): update compression explanation and quiz (#66401),2026-03-13T08:42:36Z,1,10,AdityaSingh-18,freeCodeCamp,freeCodeCamp
f252c23a9f187a49be9cd2087d5170a6b77e0765,feat(curriculum): add npm quiz (#66255),2026-03-13T08:30:59Z,4,475,zairahira,freeCodeCamp,freeCodeCamp
7544727e237b5de7497ccf669eeae397a70d0456,feat(curriculum): add algorithms review page to JSV9 (#65944),2026-03-13T08:16:58Z,4,80,zairahira,freeCodeCamp,freeCodeCamp
a8dca39ddabbdbfd79691a8f2071ce183cdefe76,feat(curriculum): add JS DFS lab (#65778),2026-03-13T07:59:53Z,4,125,zairahira,freeCodeCamp,freeCodeCamp
91f266030fadba5d179db4a31a3ce21f21084c67,fix(curriculum): clarify step descriptions in movie ticket booking ca…,2026-03-12T21:53:58Z,8,24,majestic-owl448,freeCodeCamp,freeCodeCamp
bc978ac65774a99a4cd670d194cead2bd3e39437,feat(curriculum): clarify instructions for theme switcher lab (#66404),2026-03-12T21:50:21Z,1,4,jtrang,freeCodeCamp,freeCodeCamp
ce2520d9a60ef6ae446b191a62be2f5d67d1b0d2,fix(curriculum): remove before/after-user-code from rosetta challenge…,2026-03-12T19:59:54Z,5,235,Sembauke,freeCodeCamp,freeCodeCamp
20f88de5408b6efb0f9982ea378d2b918a7ae901,fix(curriculum): Clarify what a `space-around` value of `align-conten…,2026-03-12T19:26:18Z,1,2,c0d1ng-ma5ter,freeCodeCamp,freeCodeCamp
b5b35d02c2bd679d933d478a2eb6c7339eba0e85,fix(tools): use ObjectId filename in create-next-challenge and insert…,2026-03-12T18:37:34Z,3,13,ragini-pandey,freeCodeCamp,freeCodeCamp
a135c4589b84c8f7c1ad7cbca00541f647d70e6f,feat(curriculum): EN-B1 quiz for block 9 (#66325),2026-03-12T18:29:46Z,1,379,anastasiiauk,freeCodeCamp,freeCodeCamp
3656e24289415aad7edfab10c5016c40dde2d124,feat(curriculum): EN-B1 quiz for block 11 (#66371),2026-03-12T18:28:38Z,1,379,anastasiiauk,freeCodeCamp,freeCodeCamp
faa10d981966952ed1f0d7397375e6000f24824d,fix(curriculum): remove before/after-user-code from rosetta challenge…,2026-03-12T18:26:08Z,5,190,Sembauke,freeCodeCamp,freeCodeCamp
4015c354b91ba927050ac84d1e9d1cba24a5c4d3,feat: Add precalculus course to catalog (#66089),2026-03-12T17:55:17Z,56,1763,jdwilkin4,freeCodeCamp,freeCodeCamp
ab14a6a9b15fefe3bbe47861fbb1a7979ccbd405,fix(client): handle navbar style in high contrast mode (#66303),2026-03-12T15:26:33Z,1,62,Harshith Kumar,freeCodeCamp,freeCodeCamp
692db3dc70bfd9e319d7e340d476815fee7b7257,feat(curriculum): EN-B1 quiz for block 12 (#66392),2026-03-12T15:19:52Z,1,379,anastasiiauk,freeCodeCamp,freeCodeCamp
8a603365a8499cc1656803f17790151d4dc3e84c,fix: add max failures for unique PW tests to unclog CI (#66368),2026-03-12T15:12:08Z,1,2,Sembauke,freeCodeCamp,freeCodeCamp
96b8af5e0f5b3c39dfc4f274745daa542e4e87d9,fix(curriculum): replace 'method' with 'function' for module calls in…,2026-03-12T14:58:53Z,3,12,nguyenduybao1,freeCodeCamp,freeCodeCamp
42ca533939b96ac5072f4826884d7d9cbf346f31,refactor(client): have a single place to edit sounds url (#66381),2026-03-12T14:20:11Z,2,8,DanielRosa74,freeCodeCamp,freeCodeCamp
046d707dd880fb9b8cd95d09a858731228836c0d,"chore(i18n,learn): update i18n-curriculum submodule (#66383)",2026-03-12T13:14:54Z,1,2,camperbot,freeCodeCamp,freeCodeCamp
6b926149d893e3da67399c672f1223a2bb4d59ac,fix(deps): update dependency fastify to v5.8.1 (#66394),2026-03-12T13:06:13Z,2,47,renovate[bot],freeCodeCamp,freeCodeCamp
131b285c31edfb02aa3dd04898952670c61cf410,fix(deps): update dependency typebox to v1.1.6 (#66393),2026-03-12T13:06:02Z,2,535,renovate[bot],freeCodeCamp,freeCodeCamp
8e70e4a63142e16b4c8e879d3f0bdded193f540a,feat(curriculum): EN-B1 quiz for block 10 (#66337),2026-03-12T12:23:14Z,1,379,anastasiiauk,freeCodeCamp,freeCodeCamp
72dfef22e568343cc2ea2016d5491668887e48f2,fix: typo in challenge instructions of workshop-colorful-boxes step 1…,2026-03-12T11:47:28Z,1,2,jphizon-dev,freeCodeCamp,freeCodeCamp
f79e7ecc383891682269175ab8c7a791bfdc6af7,fix(curriculum): correct challengeType for lab-tower-of-hanoi from 23…,2026-03-12T07:49:25Z,1,2,majestic-owl448,freeCodeCamp,freeCodeCamp
c543dfbc4d2c453362e2eb65041be6f1194f0cd5,chore(deps): update github actions (#66375),2026-03-12T04:03:15Z,7,26,renovate[bot],freeCodeCamp,freeCodeCamp
f4ddbb97bc26f324e72759f134f72d9c37edbb87,"chore(i18n,learn): update i18n-curriculum submodule (#66374)",2026-03-11T23:21:21Z,1,2,camperbot,freeCodeCamp,freeCodeCamp
581a488bc84ee83e3e51ecbe81be76e3060c0687,feat(curriculum): Add speaking practices to B1 English (#66376),2026-03-11T20:36:22Z,247,2204,DanielRosa74,freeCodeCamp,freeCodeCamp
9aa6f05fa14f217d10ea37230f8a701f3503f4ac,fix(client): duplicate console output (#66350),2026-03-11T20:15:50Z,3,116,ojeytonwilliams,freeCodeCamp,freeCodeCamp
b72d31c2097d55469ce4cbc3cf28a9391a68207a,refactor(client): source superblock intros from curriculum (#66328),2026-03-11T15:53:10Z,80,954,ojeytonwilliams,freeCodeCamp,freeCodeCamp
e8052b52c20dde42b20d876d4e3f5470264f932f,fix: race condition in concurrent delete user requests test (#66362),2026-03-11T13:10:43Z,1,6,huyenltnguyen,freeCodeCamp,freeCodeCamp
5d19e0d0094d8235758eaf9da17e60468db17212,"chore(i18n,client): processed translations (#66372)",2026-03-11T13:05:05Z,20,7542,camperbot,freeCodeCamp,freeCodeCamp
5b9c2516a4cd39a584972c9886e489e9aa4bf450,fix(package): exclude transform-spread from babel preset-env to prese…,2026-03-11T11:44:13Z,2,6,Jeevankumar-s,freeCodeCamp,freeCodeCamp
f10df7359410e36751528044f154e1f1a17efabd,fix(challenge-helper-scripts): auto-derive help category from challen…,2026-03-11T11:17:18Z,1,21,huyenltnguyen,freeCodeCamp,freeCodeCamp
8ed4646b513d74e61aa97d80a206039859e1166b,fix(curriculum): css specificity internal external descriptions (#66349),2026-03-11T10:54:01Z,3,16,farchettiensis,freeCodeCamp,freeCodeCamp
79eea990eaeb3733ece0a9d8e6c7e39513df335c,feat(curriculum): daily challenges 223-229 (#66313),2026-03-11T09:12:51Z,19,1541,moT01,freeCodeCamp,freeCodeCamp
a1c5e08728a9102dd2fd2130b25908e651703e52,fix(tests): disable dc e2e tests (#66357),2026-03-10T22:31:53Z,1,79,moT01,freeCodeCamp,freeCodeCamp
9362039fce67d2738d5f03fc5c518165500776f3,feat: Added mp3 audio file name for what each department does (#66353),2026-03-10T21:16:57Z,2,2,RafaelDavisH,freeCodeCamp,freeCodeCamp
bac47051e416fd8043b948823b5de8fe4c40d6d9,fix(curriculum): updated verb tense (#66351),2026-03-10T17:33:54Z,1,2,Julien-Desbard,freeCodeCamp,freeCodeCamp
29979ca3a4cf64b45207eda32257ca6741dea980,feat(curriculum): add linked list operations lab (#65448),2026-03-10T17:01:55Z,4,500,larymak,freeCodeCamp,freeCodeCamp
521c2212768a31f977a8eb4af74f65bae8f9003e,fix: incomplete html and css course names for catalog (#66316),2026-03-10T16:29:30Z,22,136,jdwilkin4,freeCodeCamp,freeCodeCamp
d444cc0cb73f8ea6c14279bd132c2aadf3a15110,fix(curriculum): add opposite parameter validation tests (#66296),2026-03-10T15:33:23Z,1,82,majestic-owl448,freeCodeCamp,freeCodeCamp
66c9c7913f8a48f8577037edc4abf0bff56fe410,"Revert ""fix(client): avoid redundant updateFile dispatch on load when…",2026-03-10T15:19:29Z,1,13,ojeytonwilliams,freeCodeCamp,freeCodeCamp
bd767988e42fba084459a02aaa82545553c03f24,fix(curriculum): reorder intros for superblock responsive-web-design-…,2026-03-10T14:48:17Z,1,83,majestic-owl448,freeCodeCamp,freeCodeCamp
7302c9b96569b752fb303bfa2facc5c9a89dc6b3,fix(curriculum): reorder intros for superblock relational-databases-v…,2026-03-10T14:47:10Z,1,64,majestic-owl448,freeCodeCamp,freeCodeCamp
86f34c557af1239de2c0dd5a62857341edd94159,fix(curriculum): reorder intros for superblock python-v9 (#66293),2026-03-10T14:45:54Z,1,74,majestic-owl448,freeCodeCamp,freeCodeCamp
1ad17425aa7182567eebd4dc5cf8c273f018a431,fix(curriculum): reorder intros for superblock back-end-development-a…,2026-03-10T14:45:01Z,1,42,majestic-owl448,freeCodeCamp,freeCodeCamp
40a1339b8c11d4dec0ac12b542a82021c1bc8e67,fix(curriculum): reorder intros for superblock front-end-development-…,2026-03-10T14:43:23Z,1,28,majestic-owl448,freeCodeCamp,freeCodeCamp
512172de1e534ded375ea8120f8dc8c82fc41062,fix(curriculum): reorder intros for superblock javascript-v9 (#66290),2026-03-10T14:40:46Z,1,140,majestic-owl448,freeCodeCamp,freeCodeCamp
d4161819cc950c27c48aa38720e6f51ad6e18a23,fix(client) downloaded daily code challenge solution with filename (#…,2026-03-10T14:15:37Z,4,52,leputz,freeCodeCamp,freeCodeCamp
8c3a89113a83563d2d4cb0423ee0a0a63cec0f9c,fix(client): avoid redundant updateFile dispatch on load when files a…,2026-03-10T13:51:26Z,1,13,Sembauke,freeCodeCamp,freeCodeCamp
0e25761399963538516539065fb0bf3356c152f4,fix(curriculum): enforce recursion in Build a Countdown challenge (#6…,2026-03-10T12:30:24Z,2,26,harirs139-ui,freeCodeCamp,freeCodeCamp
316b3b02ce14756c563c9198266fff6eff5bd8f3,refactor(curriculum): remove challenge caching (#66297),2026-03-10T08:49:51Z,1,30,Jeevankumar-s,freeCodeCamp,freeCodeCamp
fcdf03fe33f602efe679564024dfb3c2f86e89b4,"fix(tools): improve curriculum build, but with correct caching (#66323)",2026-03-10T08:32:50Z,2,6,ojeytonwilliams,freeCodeCamp,freeCodeCamp
ecceedbbb648a09d1f7f1ab8d1976aabe6d11008,feat: Add interactive rdbs courses to catalog (#66218),2026-03-10T07:14:40Z,22,455,jdwilkin4,freeCodeCamp,freeCodeCamp
fba37af181aac52a1e9dd92b66501e09fc55a9c2,revert: remove unnecessary tsc call (#66322),2026-03-10T05:43:14Z,1,3,raisedadead,freeCodeCamp,freeCodeCamp
5eea0731aa2c250b10696ba76e7bf745fd6f4b68,fix(curriculum): guaranteed typo in daily challenge (#66307),2026-03-10T05:25:51Z,2,4,Supravisor,freeCodeCamp,freeCodeCamp
96f80a6493a8a627073fd6859e055606230ebeb8,perf: remove unnecessary tsc call (#66311),2026-03-10T04:15:04Z,1,3,ojeytonwilliams,freeCodeCamp,freeCodeCamp
eb30d67f1a12a910a50c29c8bcba1548fb39d36f,chore(deps): update actions/setup-node action to v6.3.0 (#66318),2026-03-10T03:07:05Z,1,4,renovate[bot],freeCodeCamp,freeCodeCamp
9970e4dacbf67c355bd4588d0c6ac6dc0c5ef032,"chore(i18n,learn): update i18n-curriculum submodule (#66314)",2026-03-09T16:35:23Z,1,2,camperbot,freeCodeCamp,freeCodeCamp
072cc4bdab2f22848098cedf698df02eac609411,"chore(i18n,client): processed translations (#66312)",2026-03-09T15:51:49Z,20,670,camperbot,freeCodeCamp,freeCodeCamp
87edde16fe79bfb9be2818f7597a6f095e59e8b3,feat(curriculum): add dsa review to js v9 cert (#66009),2026-03-09T12:59:46Z,4,242,Ksound22,freeCodeCamp,freeCodeCamp
08954857c764b16d45ee1bb77021812ceba71f16,feat(curriculum): add queue data structure lab (#66269),2026-03-09T11:43:41Z,4,257,larymak,freeCodeCamp,freeCodeCamp
4ea5ae56cb1e4f65328d49011f5bae142148a6b7,feat: add independent lowerjaw in labs (#65785),2026-03-09T11:38:31Z,24,607,ahmaxed,freeCodeCamp,freeCodeCamp
7510f608c3154e440eee955c5ddf93c6d64dfd2a,fix(curriculum): update example codes in js classes review (#66158),2026-03-08T18:46:21Z,3,96,AdityaSingh-18,freeCodeCamp,freeCodeCamp
f1717edae54586d40df7bb722cef26f55a9913b4,refactor: move static curriculum data out of redux (#66214),2026-03-07T15:41:46Z,11,247,ojeytonwilliams,freeCodeCamp,freeCodeCamp
0480bb91b7bec1063c37769acc26859191f0287d,fix(curriculum): update example codes for set and tuple (#66282),2026-03-07T11:52:27Z,1,16,AdityaSingh-18,freeCodeCamp,freeCodeCamp
5145285c5a269cb549b4b76b4602dfe8db9dba3d,chore(deps): update dependency @types/node to v24.11.0 (#66279),2026-03-07T11:05:04Z,1,334,renovate[bot],freeCodeCamp,freeCodeCamp
c95d4a87e0609854388edf929d61ad46232d596e,fix(curriculum): add brief explanation for decorators in getters and …,2026-03-07T10:19:08Z,1,4,AdityaSingh-18,freeCodeCamp,freeCodeCamp
48e86c5399d6d58e635928c4d365f18b9878e27a,fix(deps): update dependency @aws-sdk/client-ses to v3.1000.0 (#66263),2026-03-07T08:08:33Z,2,37,renovate[bot],freeCodeCamp,freeCodeCamp
837e34f544fb200035ea1547f39bd3395f9b3083,chore(deps): update dependency eslint to v9.39.3 (#66254),2026-03-07T06:47:23Z,1,1056,renovate[bot],freeCodeCamp,freeCodeCamp
5533b5b3eb8ca1aa01f792c379bf57d8501c6282,chore(deps): update dependency @types/node to v24.10.15 (#66262),2026-03-07T03:17:08Z,1,144,renovate[bot],freeCodeCamp,freeCodeCamp
ac6973f0018fe38a1510624edcd086e5c1a24d6a,feat(curriculum): add html music player workshop (#65825),2026-03-06T18:15:08Z,12,650,majestic-owl448,freeCodeCamp,freeCodeCamp
344c3fa699d03c1fb38f03d5b1c65245377e6334,feat(curriculum): EN-B1 quiz for block 8 (#66270),2026-03-06T15:12:45Z,1,379,anastasiiauk,freeCodeCamp,freeCodeCamp
cff6065df2c9e56d122df4192413a531f32611a4,"chore(i18n,learn): update i18n-curriculum submodule (#66272)",2026-03-06T14:53:22Z,1,2,camperbot,freeCodeCamp,freeCodeCamp
5b64ff3c7cf4cb95e4ed8dbba29a16e550e273cf,"chore(i18n,learn): update i18n-curriculum submodule (#66271)",2026-03-06T13:28:35Z,1,2,camperbot,freeCodeCamp,freeCodeCamp
84ba45ec6ee14e7eeb349071d8796e108c567861,fix(curriculum): improve test for step-75 workshop city skyline (#66001),2026-03-06T13:04:07Z,1,36,AdityaSingh-18,freeCodeCamp,freeCodeCamp
fe85713b0976e73892a18d8d5ea65e112e2c4dab,fix(curriculum): add bigint type and correct the primitive types list…,2026-03-06T10:39:36Z,1,2,hbzzll,freeCodeCamp,freeCodeCamp
c73a809870c1e7c6c54a7292f140159fc3506c5f,fix(client): stop ts editor getting hidden (#66267),2026-03-06T10:34:31Z,1,43,ojeytonwilliams,freeCodeCamp,freeCodeCamp
9b940a002f73b043e77a49c452494d21460faa5e,fix(curriculum): added space between base text and annotation (#66265),2026-03-06T08:54:02Z,1,2,ekwak47,freeCodeCamp,freeCodeCamp
abbde71d7e475d7102d7398d97df0ce121ca3330,feat(curriculum): EN-B1 quiz for block 7 (#66257),2026-03-06T08:04:35Z,1,379,anastasiiauk,freeCodeCamp,freeCodeCamp
fa555f34297c3639f59498cdd6f4e198c119a352,fix(curriculum): add Node.js installation note before Vite setup comm…,2026-03-05T18:23:21Z,1,2,Venkat-Entropik,freeCodeCamp,freeCodeCamp
0ee6075afeaf4cd1630157d3651802f487130a32,feat: Add prompt course to catalog (#66228),2026-03-05T18:09:21Z,33,635,jdwilkin4,freeCodeCamp,freeCodeCamp
dd571f965b699e168de53a215ebf106e1b66e82a,chore(deps): update @freecodecamp/curriculum helpers to v8.0.0 (#66240),2026-03-05T17:03:25Z,3,52,Dario-DC,freeCodeCamp,freeCodeCamp
e72a5dc1bb0ad18246e6c7e3b951e1872837a74a,refactor(tools) : migrate inquirer prompts (#66139),2026-03-05T12:04:01Z,15,1922,Jeevankumar-s,freeCodeCamp,freeCodeCamp
80cace6f06deb61a4475565214bd225752581389,feat(curriculum): EN-B1 quiz for block 5 (#66211),2026-03-05T11:45:15Z,1,361,anastasiiauk,freeCodeCamp,freeCodeCamp
08bb7452c34d67544dfac178a059d00ba036a816,feat(curriculum): EN-B1 quiz for block 6 (#66239),2026-03-05T11:00:49Z,1,361,anastasiiauk,freeCodeCamp,freeCodeCamp
3ab093b7b3b9d9b16018f02dc7700f2c7349291a,fix(curriculum): change some example codes to non-interactive (#66161),2026-03-05T10:38:05Z,2,52,AdityaSingh-18,freeCodeCamp,freeCodeCamp
da100863797294821e8ed3dbf59f5ac2dd95d03b,fix(curriculum): add CSS property checks for width and height in Colo…,2026-03-05T10:04:20Z,1,24,Jeevankumar-s,freeCodeCamp,freeCodeCamp
c646fc6a0258fd476326806ba6d86510f957f7c2,fix(curriculum): update custom exception example in Python review (#6…,2026-03-05T09:50:48Z,2,12,nguyenduybao1,freeCodeCamp,freeCodeCamp
b25f03e8a164120c740afc82c343c20bff98421c,refactor(challenge-helper-scripts): update challengeLang type to Chal…,2026-03-05T08:35:46Z,7,41,huyenltnguyen,freeCodeCamp,freeCodeCamp
1d15d65230d7e7629d13c3025e62565cc3527a05,feat(curriculum): EN-B1 quiz for block 2 (#65956),2026-03-05T07:41:30Z,1,361,anastasiiauk,freeCodeCamp,freeCodeCamp
a1606493e1d8cf953b2ead8c45f93bb58f0c00ff,feat(curriculum): EN-B1 quiz for block 1 (#65919),2026-03-05T07:40:57Z,1,361,anastasiiauk,freeCodeCamp,freeCodeCamp
c37d6797b3696b2a0c713d1ece0c36d74469b334,chore(deps): update dependency @types/node to v24.10.14 (#66249),2026-03-05T06:34:12Z,1,305,renovate[bot],freeCodeCamp,freeCodeCamp
695419bfb27a105334765b291911b9b3d18812ee,fix(client): update text container for fsd lessons (#65889),2026-03-05T05:40:20Z,1,26,AdityaSingh-18,freeCodeCamp,freeCodeCamp
2972485a8774d636abb60866e683516b535f3127,feat: allow configuration of the typescript-compiler (#66241),2026-03-05T04:18:18Z,5,45,ojeytonwilliams,freeCodeCamp,freeCodeCamp
c94fe2d40e217e562275e3f6dbce808deb865ff3,feat(challenge-helper-scripts): add example of quiz with audio to qui…,2026-03-05T04:17:47Z,1,68,huyenltnguyen,freeCodeCamp,freeCodeCamp
4ece1e457798d58d6a62b320b1a94e1d9144835a,fix(client): remove ms trophy solution links on timeline (#66223),2026-03-05T04:16:36Z,1,13,moT01,freeCodeCamp,freeCodeCamp
62fe68df9efa58be539a90ee3c9b866420886347,fix(deps): update dependency @aws-sdk/client-ses to v3.998.0 (#66246),2026-03-05T04:15:08Z,2,12,renovate[bot],freeCodeCamp,freeCodeCamp
15304750713f9bbae69863574ee2a525bba13b22,chore(deps): update dependency supertest to v6.3.4 (#66245),2026-03-05T04:14:49Z,2,298,renovate[bot],freeCodeCamp,freeCodeCamp
da0298f39b8e4bd83bad85a7ad72ead67a973f74,feat(curriculum): add dynamic programming js lesson (#65987),2026-03-04T21:46:41Z,4,491,Ksound22,freeCodeCamp,freeCodeCamp
520d5dc32a7b8356b895e80381950674a34b23e9,fix(tooling): return all superblocks containing a filtered block (#65…,2026-03-04T20:00:37Z,3,47,ojeytonwilliams,freeCodeCamp,freeCodeCamp
a6b34d01b754d6bb849f45ba04d7fd7d038f11ac,feat(curriculum): Add N-Queens problem lab to javascript-v9 (#65740),2026-03-04T18:43:43Z,4,189,majestic-owl448,freeCodeCamp,freeCodeCamp
16e13a272524adb6f6d631f2f93fe7b6039dcf4f,"chore(i18n,client): processed translations (#66237)",2026-03-04T15:07:04Z,10,538,camperbot,freeCodeCamp,freeCodeCamp
8f43f47fc0aa02f2e35b3d8f36b9ee9b6edcd1c4,feat(curriculum): add dsa quiz to js v9 cert (#66019),2026-03-04T13:38:47Z,4,476,Ksound22,freeCodeCamp,freeCodeCamp
4760d3514ed7ed5adad923978a99cc0352b98fb5,feat(curriculum): add dynamic programming review for JS cert (#65991),2026-03-04T11:52:39Z,4,106,Ksound22,freeCodeCamp,freeCodeCamp
5a8b7336c95de200aed4d321bcf3ee8bd6464f45,fix(curriculum): change helpCategory from HTML-CSS to JavaScript in l…,2026-03-04T11:19:20Z,1,2,Anshit-Sony,freeCodeCamp,freeCodeCamp
53b4806fc6ad57fc2a662492de7534eafcb47df5,chore(deps): update actions/setup-node digest to 53b8394 (#66231),2026-03-04T10:55:11Z,6,22,renovate[bot],freeCodeCamp,freeCodeCamp
b8ae304f7660522be4878e221990c5bd941366f3,fix(curriculum): update string method lesson to include variable usag…,2026-03-04T10:29:21Z,1,15,timmy471,freeCodeCamp,freeCodeCamp
3888a601ade26c83d0e81f5ee1f80db3905aeab6,fix(curriculum): typos and grammar errors (#65951),2026-03-04T09:34:19Z,4,12,umutKaracelebi,freeCodeCamp,freeCodeCamp
3e94ae65c8e435e79def419f5e8fc1974cada778,fix(challenge-parser): display hanzi-pinyin pairs properly in quiz au…,2026-03-04T09:32:20Z,3,45,huyenltnguyen,freeCodeCamp,freeCodeCamp
2a8bfd78b89b18b8b861414cd923b091d0b2ded2,fix(curriculum): update explanation text for task-45 (#66232),2026-03-04T08:52:48Z,1,4,phoenix66666,freeCodeCamp,freeCodeCamp
5d6860f4c4c226547cbbeae659ab53fc713fe9cb,fix(curriculum): clarify step 4 instructions and update tests (#66047),2026-03-04T07:37:42Z,5,24,nguyenduybao1,freeCodeCamp,freeCodeCamp
1bfc65a7d143d0cd2fd0b727870b25b8483b56d4,fix(deps): update dependency @aws-sdk/client-ses to v3.997.0 (#66221),2026-03-04T04:28:33Z,2,1247,renovate[bot],freeCodeCamp,freeCodeCamp
58e76dca0c68425c714830f700f66f996ea64377,feat(curriculum): add dsa lessons to js v9 cert (#66008),2026-03-03T21:56:05Z,8,1195,Ksound22,freeCodeCamp,freeCodeCamp
8a4c565bf74ff6ff300f162f5ea0b845ff04eae7,fix(curriculum): update JS fundamentals quiz Number object question (…,2026-03-03T21:22:04Z,1,10,abhishekDeshmukh74,freeCodeCamp,freeCodeCamp
cb65db51e702c0b9d67e6541a0dc5f677fca3e27,feat(curriculum): daily challenges 213-222 (#66191),2026-03-03T20:52:51Z,25,1987,moT01,freeCodeCamp,freeCodeCamp
4bbc74f5d42abd42c20d17a18567198c521fba35,fix(curriculum): use textContent instead of innerText (#66208),2026-03-03T19:47:56Z,1,2,thor8126,freeCodeCamp,freeCodeCamp
c15bf70bedd18e032371ffc4e08b52bd2b04b6b1,feat(curriculum): add Object.hasOwn() to JS object property checking …,2026-03-03T17:52:21Z,3,138,BalamuruganT006,freeCodeCamp,freeCodeCamp
a391dc0664f406a63c7c92627bdc3bc5aa3b594d,fix(api): cleaner exits before respawn (#66135),2026-03-03T15:13:13Z,2,22,raisedadead,freeCodeCamp,freeCodeCamp
b5e3a94693aae0661cab8efab4d4e125578817da,fix(curriculum): add interactive examples and fixings in js review pa…,2026-03-03T14:48:32Z,1,1102,AdityaSingh-18,freeCodeCamp,freeCodeCamp
fa988a38b966081f83a560ef5443acdcd0dbee70,chore: update pnpm,2026-03-03T14:16:05Z,1,2,raisedadead,freeCodeCamp,freeCodeCamp
c77b49d61313f38db3c03249572bb906e86d383f,fix(client): remove notes from certifications (#66210),2026-03-03T13:46:00Z,1,3,AdityaSingh-18,freeCodeCamp,freeCodeCamp
5d10ce3fb4168a14e130588bfe798671c2869332,fix(client): daily challenge calendar (#66202),2026-03-03T13:28:54Z,4,216,moT01,freeCodeCamp,freeCodeCamp
b9307e19b6d78d7551b7b627a20bf0542f6c9098,feat(curriculum): add second flexbox workshop to FSD cert (#62735),2026-03-03T10:24:05Z,46,4463,sebacodes,freeCodeCamp,freeCodeCamp
6d74eaacce72c764d68ec200acb066eb86159dfd,fix(curriculum): fix test to avoid incorrect code passing lab bookmar…,2026-03-03T09:53:40Z,1,11,AdityaSingh-18,freeCodeCamp,freeCodeCamp
e902fd270f8fbdcab84ee17774af6d600cc8bc93,"refactor: update gatsby schema, remove customization + use inferrable…",2026-03-03T09:48:53Z,11,923,ojeytonwilliams,freeCodeCamp,freeCodeCamp
3250669a2b98d708be98a716d73a8ec81b6b543e,feat(curriculum): add rest api and web services theory (#65634),2026-03-03T08:29:48Z,6,579,majestic-owl448,freeCodeCamp,freeCodeCamp
dcddc3ecc359c55c5aaf18c1a91b3ad8a27d144c,feat(curriculum): EN-B1 quiz for block 4 (#66182),2026-03-03T08:09:11Z,1,379,anastasiiauk,freeCodeCamp,freeCodeCamp
e1e5a7898295e2c34efd02bef34f27ad8c294abd,feat(curriculum): EN-B1 quiz for block 3 (#66010),2026-03-03T08:05:57Z,1,361,anastasiiauk,freeCodeCamp,freeCodeCamp
e0ca86a0208b7e520e187c32fc71efded6fcc46f,fix(curriculum): clarify DP function calls vs unique subproblems (#65…,2026-03-02T22:20:28Z,1,4,Jeevankumar-s,freeCodeCamp,freeCodeCamp
4fa56fb02bc9f7dce572f4647839a8a69afd3419,fix(curriculum): improve tests for useState management of color input…,2026-03-02T21:41:46Z,1,30,farchettiensis,freeCodeCamp,freeCodeCamp
3a3872d252fa8a5e3f3eec1aae22d97cf077ecd7,fix(curriculum): replace stack question in data structures quiz (#66090),2026-03-02T21:11:49Z,1,6,AdityaSingh-18,freeCodeCamp,freeCodeCamp
c24a5bdf869ac46d67278b2799ff60ff703d60cb,chore(client): updated GQL syntax (#66136),2026-03-02T21:11:02Z,1,12,raisedadead,freeCodeCamp,freeCodeCamp
4f940ab16e28846c4a560617f56577be4384f096,fix(curriculum): Update title to Build an Apply Discount Function (#6…,2026-03-02T21:05:39Z,1,2,MalakGdaea,freeCodeCamp,freeCodeCamp
9ae0a5d727c7081bf2373adb656df126cfc1ef63,perf: cache challenges on build (#66177),2026-03-02T20:52:33Z,2,45,ojeytonwilliams,freeCodeCamp,freeCodeCamp
0e484c3cd767b91816aaddd9e08015cf5b9f45dd,fix(curriculum): format `or` operator correctly in python review basi…,2026-03-02T19:33:05Z,1,2,renyapeter,freeCodeCamp,freeCodeCamp
199379b27a786f220beded5872b2fd3734233c16,fix(curriculm): remove full width comma in B1 English (#66164),2026-03-02T18:01:53Z,2,4,Supravisor,freeCodeCamp,freeCodeCamp
900f6c428bd0c3dc773203aeb183bb4b31aa799b,"chore(i18n,learn): update i18n-curriculum submodule (#66189)",2026-03-02T17:48:21Z,1,2,camperbot,freeCodeCamp,freeCodeCamp
4e734e9ff41262651bba1b8051926a8615e442c2,fix(deps): update dependency typebox to v1.1.5 (#66175),2026-03-02T14:18:46Z,2,209,renovate[bot],freeCodeCamp,freeCodeCamp
db0044282c283ae309e353c763e50ac04b6515c8,"chore(i18n,client): processed translations (#66181)",2026-03-02T13:10:01Z,20,5992,camperbot,freeCodeCamp,freeCodeCamp
d4533e7621fd837aa2ead8f8de80161b475537f3,fix(curriculum): update count() function to count() method in tuple s…,2026-03-02T12:21:54Z,1,4,jeevithdev,freeCodeCamp,freeCodeCamp
5a0e9d6cd8fd568088b82a05cbca67c38aa65a5d,chore(deps): update dependency @types/nodemailer to v6.4.23 (#66169),2026-03-02T12:13:55Z,2,506,renovate[bot],freeCodeCamp,freeCodeCamp
22bcb5d08de806ee011eb7ba93c98332bc6961c3,chore(deps): update dependency eslint to v9.39.3 (#66170),2026-03-02T10:08:31Z,1,1070,renovate[bot],freeCodeCamp,freeCodeCamp
788508bcd9601cbb197c59961b212b24aaa7b90b,fix(curriculum): update code example in js debugging review (#66160),2026-03-02T08:54:55Z,1,2,AdityaSingh-18,freeCodeCamp,freeCodeCamp
ec4b68e9731a88dffe44ca40058b9a8aa586b929,fix(curriculum): use correct modulo/reminder wording (#66096),2026-03-02T08:53:35Z,8,40,majestic-owl448,freeCodeCamp,freeCodeCamp
49a1e72e05907a6fc0bda321576ac0dcb1e3c56d,fix(curriculum): make step 3 state tests order-agnostic (#65516),2026-03-02T08:48:44Z,1,8,farchettiensis,freeCodeCamp,freeCodeCamp
42beead4f7ffa97cead2bcb45b6687123dcedd98,feat(curriculum): add scatterplot graph project to data visualization…,2026-03-02T08:38:18Z,4,1288,majestic-owl448,freeCodeCamp,freeCodeCamp
e07295fff232388f7264bfc9669ae734e6b1e1cc,fix(curriculum): add missing infos in permutations lab user stories (…,2026-03-02T07:23:41Z,1,2,majestic-owl448,freeCodeCamp,freeCodeCamp
4588451f22d8e616fe3101fd8a1fddfaa9b6edc8,fix(deps): update dependencies (#66176),2026-03-02T06:32:07Z,2,233,raisedadead,freeCodeCamp,freeCodeCamp
b60712f89ce7df1a5023e65ec7c0db4c49a4b698,chore: review instructions,2026-03-02T04:21:31Z,1,14,raisedadead,freeCodeCamp,freeCodeCamp
787922295fb880873884bbdeb40fb1b4476cfe71,feat(curriculum): add dynamic programming quiz to js v9 cert (#65995),2026-03-01T17:39:40Z,4,253,Ksound22,freeCodeCamp,freeCodeCamp
95e293d23a51bff3d3cb388c0da608c9d18eef1f,fix(GHA): harden permissions (#66155),2026-03-01T11:49:19Z,6,34,raisedadead,freeCodeCamp,freeCodeCamp
59ab2e4103bbaaaeaf61434c709345442cf4611d,fix(GHA): harden deploy workflows with env vars and explicit secrets …,2026-03-01T04:17:18Z,3,28,raisedadead,freeCodeCamp,freeCodeCamp
5f3bb979cbd8dc89b77e8abfedb2896c75d311dc,fix(GHA): pin crowdin actions to SHA commits (#66137),2026-03-01T04:16:55Z,3,44,raisedadead,freeCodeCamp,freeCodeCamp
daa1bf733ce79ba3c1d5d3ad99acd5ede71ba9e0,fix(curriculum): changing the isinstance() example code (#66149),2026-02-28T19:14:40Z,2,14,PrafulVRaj,freeCodeCamp,freeCodeCamp
21254bf1b746ab554619c87d6996e8ab756aaf2e,fix(curriculum): string method reference consistency (#66140),2026-02-28T18:43:52Z,1,24,Jeevankumar-s,freeCodeCamp,freeCodeCamp
7f98f91c0262e329dbedd42bbdf1ed5981ce9b59,fix(curriculum): update code block to ts (#66147),2026-02-28T18:40:58Z,1,2,AdityaSingh-18,freeCodeCamp,freeCodeCamp
d824be8a06670de23d6c38235073d3fdde3ebdd2,fix(curriculum): use 'concatenate' instead of 'append' in workshop-pi…,2026-02-28T15:51:44Z,1,2,gangulysiddhartha22-cmyk,freeCodeCamp,freeCodeCamp
d9a5bee63955f8d1ef44458ba2acb4e1e6167576,"chore(i18n,learn): update i18n-curriculum submodule (#66141)",2026-02-28T13:47:37Z,1,2,camperbot,freeCodeCamp,freeCodeCamp
f9286baf9eb17d7b75bf2a43a594f9dc3b24d48e,fix(curriculum): update test to allow list() in workshop bfs (#66103),2026-02-28T08:23:11Z,1,3,AdityaSingh-18,freeCodeCamp,freeCodeCamp
7003110477dc96f6d2e02ca56a58685a2bc8dc2f,"chore(i18n,learn): update i18n-curriculum submodule (#66133)",2026-02-28T08:15:25Z,1,2,camperbot,freeCodeCamp,freeCodeCamp
86b6a597776e95e24e21f5d1f3a7f7b1928eebce,fix(curriculum): update super() definition for accuracy (#66130),2026-02-28T08:09:37Z,2,4,imsanupm,freeCodeCamp,freeCodeCamp
2363207805a03c59f11e5a0464c769e71465fcc9,feat: reordered unpacking lists review in review-python and review-lo…,2026-02-28T00:55:45Z,2,8,ash-win19,freeCodeCamp,freeCodeCamp
75917df14a7d16db352e6fcb30e4e873b1ec0827,fix(api): handle unauthenticated users in get-session-user endpoint (…,2026-02-27T20:25:55Z,3,44,Sembauke,freeCodeCamp,freeCodeCamp
946b96c089df5233dee5cefc99b518af0be0f31d,fix(curriculum): rename lab title to Build an Apply Discount Function…,2026-02-27T18:12:49Z,2,9,iAakash1,freeCodeCamp,freeCodeCamp
58780e836a87eb355b5dccdf8bd3ac4c9cdc8768,fix(curriculum): clarify slicing syntax (#66122),2026-02-27T18:12:31Z,2,4,cesarinsalad,freeCodeCamp,freeCodeCamp
1d11379e510098f3d84d46be26fe6825fc50a437,fix(curriculum): adding audios to A2 quizzes (#65851),2026-02-27T15:02:48Z,17,552,anastasiiauk,freeCodeCamp,freeCodeCamp
f7961efa452c35eb5876c53dea8716eb83aa59de,fix(curriculum): use built-in list in workshop discount calculator (#…,2026-02-27T14:24:43Z,11,180,AdityaSingh-18,freeCodeCamp,freeCodeCamp
a0a0236d69af48f96d3285a1662f144532f01346,refactor(ci): lint with both values of SHOW_UPCOMING_CHANGES (#66128),2026-02-27T14:04:13Z,1,13,ojeytonwilliams,freeCodeCamp,freeCodeCamp
f2a4a2593cff18d86716efc199149fafb621ab8f,fix: stop mutating redux state (savedChallenges) (#66129),2026-02-27T14:03:45Z,2,20,ojeytonwilliams,freeCodeCamp,freeCodeCamp
d89bcc3f117fbdde9b525490c282e7106787b438,"feat(Curriculum): Make A1 ES modules ""Sharing Your Personal Details"" …",2026-02-27T13:10:23Z,13,37,nieldakarla,freeCodeCamp,freeCodeCamp
a6d1e545c0d3fb36493eb82430247507178f472c,fix: block creation and hot reloading (#66127),2026-02-27T12:52:08Z,9,267,ojeytonwilliams,freeCodeCamp,freeCodeCamp
ba61d33698e762e3ababdf6523072e6a4671641d,fix(client): pull curriculum data where needed (#65710),2026-02-27T12:23:21Z,13,403,ahmaxed,freeCodeCamp,freeCodeCamp
cf3c22025ddc11413f3ac6b4662420179c736994,"chore(i18n,client): processed translations (#66052)",2026-02-27T11:28:25Z,20,2634,camperbot,freeCodeCamp,freeCodeCamp
0640350046c7e0129c73658904aec031238d2b6c,fix(curriculum): rename heap module to heapq and correct heap propert…,2026-02-27T09:56:12Z,2,14,lockinginfor2026-arch,freeCodeCamp,freeCodeCamp
e796c06e59806cf24f93d462259be8229ca7ed79,fix(curriculum): update test to assert variable exist (#66126),2026-02-27T09:49:50Z,1,2,AdityaSingh-18,freeCodeCamp,freeCodeCamp
791e329e67a0a49a36ca3ee2621ab3234db6d7a6,fix(curriculum): update test for flexibility workshop shopping cart (…,2026-02-27T09:22:45Z,1,5,AdityaSingh-18,freeCodeCamp,freeCodeCamp
fbb1cf0487d93be6485fc82bc7357ec42272bcf0,refactor: import english translations (#66114),2026-02-27T02:40:51Z,1,23,ojeytonwilliams,freeCodeCamp,freeCodeCamp
ab830caaa6b1974e414317038994b66051cd2f10,refactor: clean client on setup (#66108),2026-02-27T02:40:41Z,6,47,ojeytonwilliams,freeCodeCamp,freeCodeCamp
f507f600b1a2d554d520a8b0177f3f663be87593,fix(curriculum): review A1 Spanish sharing your personal details bloc…,2026-02-26T16:56:57Z,69,537,estefaniacn,freeCodeCamp,freeCodeCamp
e6341ac798b3037cb264ed6391cd4c86333e12a3,feat: add requested chapter icon for Spanish (#66024),2026-02-26T16:03:48Z,2,7,Sembauke,freeCodeCamp,freeCodeCamp
b904a2a74c06a966636f4e7892318c9bfd24792a,fix(curriculum): use correct indentation and fix comment (#66112),2026-02-26T15:46:53Z,2,28,thefool309,freeCodeCamp,freeCodeCamp
46a209ecdd208010ab6855d6d832a147886a4d77,"chore(i18n,learn): update i18n-curriculum submodule (#66111)",2026-02-26T14:20:48Z,1,2,camperbot,freeCodeCamp,freeCodeCamp
e0c0fdd738d667930b95dfec863ac441b52030ad,feat: allow caller to audit specific languages (#66110),2026-02-26T13:42:47Z,1,12,ojeytonwilliams,freeCodeCamp,freeCodeCamp
0e8c6d5d6ace608e6c68dc02227ea492511a45a1,fix(client): adjust cert heading (#65552),2026-02-26T11:35:02Z,2,29,garyeung,freeCodeCamp,freeCodeCamp
1d41b61f95d5cc63ee6adff6ccd5566ceab0dbc3,refactor: remove proxy console TODO (#66091),2026-02-26T08:27:47Z,1,1,ojeytonwilliams,freeCodeCamp,freeCodeCamp
2ccef21368500fa24abbe3e21bde4bb2d5bdad2c,fix(curriculum): typos in python review and others (#66059),2026-02-26T08:20:30Z,10,58,AdityaSingh-18,freeCodeCamp,freeCodeCamp
4d3f6b72b98673c8780f9066368ac43ea7b57532,fix(curriculum): Copy tweaks - calling methods on objects (#66080),2026-02-26T08:04:58Z,2,12,jordantrent,freeCodeCamp,freeCodeCamp
0b414c7b50a47371a6bfae13a8e6cdc7c2e1b0cd,fix(curriculum): Resolved quotes issue in python review test (#66082),2026-02-26T08:04:20Z,2,8,Aryankpoor,freeCodeCamp,freeCodeCamp
e8580015fc41bde142ece87ada829148bee702a3,"chore(i18n,learn): update i18n-curriculum submodule (#66088)",2026-02-26T08:02:11Z,1,2,camperbot,freeCodeCamp,freeCodeCamp
e4b3e720f2d99b0f96585e7cff2c77e79e7f64d7,feat(curriculum): add chp3 md2 sharing personal details (#64546),2026-02-25T20:56:35Z,110,11677,RafaelDavisH,freeCodeCamp,freeCodeCamp
52e5d242a7dd6e10027668abf253fd097001ac7a,fix(curriculum): clarify sorted() is a built-in function with example…,2026-02-25T20:07:24Z,2,20,ragini-pandey,freeCodeCamp,freeCodeCamp
ef8bc8a225e8e0c5492b1af9475283810c6a6f65,refactor: create middleware for each redux store (#66060),2026-02-25T17:31:22Z,1,29,ojeytonwilliams,freeCodeCamp,freeCodeCamp
67d26dd1d94d0b6b5a97115da471eb551582eb81,fix(curriculum): typos in lecture absolute and relative paths (#66030),2026-02-25T13:55:39Z,1,6,AdityaSingh-18,freeCodeCamp,freeCodeCamp
8b43b30b95f99aed9015da0cd32fb6a99143fa6e,fix(client): add message about accepting ahp (#65675),2026-02-25T11:25:33Z,2,163,ShaunSHamilton,freeCodeCamp,freeCodeCamp
07d3bd9a745a45dffb8fd20687abeb020704895e,fix: update copyright to be start year (#66044),2026-02-25T09:16:40Z,2,4,majestic-owl448,freeCodeCamp,freeCodeCamp
46b300120fcd8bf237b6c60570b70bbe303772ac,fix(curriculum): clarify constant wording in workshop (#66039),2026-02-25T08:39:40Z,1,2,Supravisor,freeCodeCamp,freeCodeCamp
7d3467b26e8a45d7e4368a5f8fab3735400d5c49,fix(curriculum): return false from has() mock in plant nursery step 1…,2026-02-25T08:37:30Z,1,2,farchettiensis,freeCodeCamp,freeCodeCamp
90caa8abfe7ec013a9e091c61cc1b069bc10d9ba,feat(curriculum): add interactive examples to Responsive Web Design r…,2026-02-25T08:31:14Z,1,106,Vipeen-Kumar,freeCodeCamp,freeCodeCamp
5c9c7907841e2ed7be3072b0e289eba82e16511b,fix(deps): update dependency @aws-sdk/client-ses to v3.992.0 (#66041),2026-02-25T02:56:14Z,2,360,renovate[bot],freeCodeCamp,freeCodeCamp
8ba3fbfd1ba0649bf926d0f84f68535259d4ecbf,feat(curriculum): add Adjacency List to Matrix Converter lab to JSv9 …,2026-02-24T21:54:23Z,4,204,majestic-owl448,freeCodeCamp,freeCodeCamp
46e54e0f3893211452fae8f0faf7a937187f5d84,fix(curriculum): use code instead of editableContents for cafe menu C…,2026-02-24T21:40:42Z,2,8,ragini-pandey,freeCodeCamp,freeCodeCamp
5586a718fe870abe4eda7c076216a36118b5303d,fix(curriculum): use backtick to avoid syntax highlighting (#66032),2026-02-24T18:11:36Z,1,16,AdityaSingh-18,freeCodeCamp,freeCodeCamp
62cb6671ac5ff3d08faa4b06b34b01c3651110aa,feat(curriculum): adding dsa course to catalog (#65870),2026-02-24T17:03:23Z,74,2412,jdwilkin4,freeCodeCamp,freeCodeCamp
f8abe08af864ba764a56f1d6e5ee09fce3a1734f,fix(learn): fixed confetti trigger on every step (#65160),2026-02-24T13:38:46Z,2,77,rizwan-rizu,freeCodeCamp,freeCodeCamp
311fb3c44ac77cc53b0fca419989d3dbe7505132,fix: failing snapshot on main (#66026),2026-02-24T13:02:06Z,1,3,Sembauke,freeCodeCamp,freeCodeCamp
59f487f75739b98e914ce5ecb62a6d99506c45b8,fix(curriculum): singular pronoun in clarify misunderstanding hint me…,2026-02-24T08:38:00Z,1,2,Supravisor,freeCodeCamp,freeCodeCamp
c6e0e953f93bb87cf255b0d52f745e0ee70662ee,feat(curriculum): Add Chinese Numbers below 100 audio from the CDN (#…,2026-02-24T07:33:40Z,1,5,miyaliu666,freeCodeCamp,freeCodeCamp
55b414cc0ef9b23aa51a0770889e0a1401ad21df,fix(client): curriculum tag alignment (#65983),2026-02-24T07:32:18Z,1,1,moT01,freeCodeCamp,freeCodeCamp
63a57e1460b2141f4d4552d2131df957789dc660,fix(client): align flash banner (#65946),2026-02-24T07:25:23Z,2,65,vicgolding,freeCodeCamp,freeCodeCamp
40a9d6fca957c2608f1cc95700d340f904589963,feat(curriculum): add bill splitter workshop (#65517),2026-02-23T22:13:51Z,11,583,jordnlnn,freeCodeCamp,freeCodeCamp
a5034a93c8fce56e480068a2c6d6b0b62ca9ef25,feat(client/curriculum): add luis images to animation assets (#66020),2026-02-23T21:14:09Z,1,12,moT01,freeCodeCamp,freeCodeCamp
ddedbbcf40b7b2445084c9352fd290b672f96724,"refactor(tooling,client): add html-eslint/react and fix lint errors (…",2026-02-23T17:15:58Z,5,220,yeonjuan,freeCodeCamp,freeCodeCamp
a37824b67327ab1a37768c3168cb8cfe7ae16297,refactor(client): remove node-fetch in favor of Node’s built-in fetch…,2026-02-23T17:15:17Z,3,110,Sembauke,freeCodeCamp,freeCodeCamp
09979d9ada08c2163ee12d9abdf4f44950b8af1c,fix(curriculum): add test for falsy value in lab travel weather plann…,2026-02-23T16:45:54Z,1,59,AdityaSingh-18,freeCodeCamp,freeCodeCamp
cb87d5d552f0cca194b7f86f03636f71245aa21e,chore: upgrade Joi to v18 (#66011),2026-02-23T13:37:57Z,2,95,Sembauke,freeCodeCamp,freeCodeCamp
cc50c644b67bb52792194e33883f3d08235396c4,"chore(i18n,client): processed translations (#66012)",2026-02-23T12:45:29Z,20,2804,camperbot,freeCodeCamp,freeCodeCamp
a22b7db026f256931152b642b356d3836e74fe7a,fix(curriculum): correct typos in python basics (#66004),2026-02-23T10:47:55Z,2,6,MostafaElsehy,freeCodeCamp,freeCodeCamp
e7d372ed363354c2ac363415d1f57903b5e51418,chore: pnpm self-update,2026-02-23T10:21:35Z,1,2,raisedadead,freeCodeCamp,freeCodeCamp
deeb998a89d01301c61a887096513fd528698a77,fix(curriculum): clarifying absolute path vs absolute url (#65081),2026-02-22T09:12:24Z,1,42,AdityaSingh-18,freeCodeCamp,freeCodeCamp
7305969701c73d34ce068a582503f99781b93de9,chore(deps): cleanup postinstall stuff (#65989),2026-02-21T12:40:03Z,1,7,raisedadead,freeCodeCamp,freeCodeCamp
7a7cccc8632c9c9235c8cb7222c37eef9a260903,chore(tools/challenge-helper-scripts): migrate tests to Vitest v4 (#6…,2026-02-21T05:43:19Z,3,18,Jeevankumar-s,freeCodeCamp,freeCodeCamp
81748f8241baaffef0cc476402ac103f4af01770,chore(tools/challenge-parser): migrate tests to Vitest v4 (#65961),2026-02-21T05:42:51Z,2,6,Jeevankumar-s,freeCodeCamp,freeCodeCamp
ed873a69ac65935b389dfebb8a652e0375711893,chore(shared): migrate to Vitest v4 (#65958),2026-02-21T05:42:31Z,2,12,Jeevankumar-s,freeCodeCamp,freeCodeCamp
eb44f8b43c049af5e13f67ce17e8ed09f126cebf,chore(api): migrate tests to Vitest v4 (#65950),2026-02-21T03:13:50Z,9,282,Jeevankumar-s,freeCodeCamp,freeCodeCamp
b249098466d1625cf13a91dabf08cf6828c68828,"fix(learn): standardize use of front-end, full-stack, back-end (#65976)",2026-02-21T03:08:16Z,260,1573,majestic-owl448,freeCodeCamp,freeCodeCamp
c397879ce2f311317fc4c2e43e54bb35395532ab,feat(curriculum): add insertion sort lab to jsv9 (#65872),2026-02-20T23:11:11Z,4,114,majestic-owl448,freeCodeCamp,freeCodeCamp
5177bce6266ca9b0cad84cdd2a09281340458912,feat(curriculum): expand and reorganize initial typescript lessons (#…,2026-02-20T23:04:12Z,12,1753,jdwilkin4,freeCodeCamp,freeCodeCamp
120c5aa583d3a3afe94a220344ec54adc46e9d22,fix(curriculum): remove hidden tests in N queens lab (#65949),2026-02-20T17:54:36Z,1,15,Dario-DC,freeCodeCamp,freeCodeCamp
eabfb7fcf9eddb019a65d62157bd936c2980e67e,fix(curriculum): update step 6 instruction in workshop shopping list …,2026-02-20T17:40:24Z,6,12,AdityaSingh-18,freeCodeCamp,freeCodeCamp
59abe4c35d4f868a87cd18c9423037d8128e8f0b,fix(client): sidebar font & profile placeholders (#65974),2026-02-20T16:52:18Z,2,28,raisedadead,freeCodeCamp,freeCodeCamp
e0209396828be0ae838161e493f9be9b0a59a775,feat(curriculum): daily challenges 197-212 (#65864),2026-02-20T15:34:38Z,37,3140,moT01,freeCodeCamp,freeCodeCamp
941e965e8bb6d56a65b0217bf3c19e9ce28d3202,fix(GHA): cleanup trap in API deploy (#65959),2026-02-20T03:56:23Z,1,1,raisedadead,freeCodeCamp,freeCodeCamp
43ba11550620a4009f82ba260e5194afc5d9a0a8,fix(tooling): stop api crashing during seed (#65969),2026-02-20T03:56:04Z,1,8,ojeytonwilliams,freeCodeCamp,freeCodeCamp
303bdffc7ac988505633befb757aa0ddcbd625c8,fix(curriculum): refine editable region workshop bookstore page (#65965),2026-02-19T17:22:23Z,18,122,AdityaSingh-18,freeCodeCamp,freeCodeCamp
60ab523cb1524645c707ce8cc837aa75eb400787,fix(GHA): pin actions and concurrency (#65960),2026-02-19T16:13:18Z,4,12,raisedadead,freeCodeCamp,freeCodeCamp
babe7c9d505420588fab2a0d5592ef76eb45aaf3,fix(curriculum): update React import/export lesson to cover default a…,2026-02-19T16:10:04Z,2,133,StephenMuya,freeCodeCamp,freeCodeCamp
eab9cd388c159b9f6587d185da82e050f9bbb7e0,fix(GHA): use Docker Buildx and GHA caching (#65962),2026-02-19T15:42:26Z,1,26,raisedadead,freeCodeCamp,freeCodeCamp
de0a28518f532ccc4541ea37fef667e12e730b76,fix(curriculum): add rounding errors explanation to float lesson (#65…,2026-02-19T15:12:51Z,1,6,Dario-DC,freeCodeCamp,freeCodeCamp
1a4708773dedb0c3b18d6f15fd6a3a71b130e67e,feat(curriculum): remove Chinese superblocks from notAuditedSuperbloc…,2026-02-19T12:26:57Z,1,46,DanielRosa74,freeCodeCamp,freeCodeCamp
c0e17a9d512df48266424db4643f94096663373a,fix(curriculum): correct wording in explanation section (#65938),2026-02-19T09:00:33Z,1,2,AdityaSingh-18,freeCodeCamp,freeCodeCamp
990b64d229012da214d02fe749a9299139484cc1,refactor: use pre-built curriculum when starting client (#65878),2026-02-19T07:55:33Z,10,73,ojeytonwilliams,freeCodeCamp,freeCodeCamp
052416e5bf64fae15dd7f44b6860d39cdf942161,"chore(i18n,learn): update i18n-curriculum submodule (#65954)",2026-02-19T04:50:13Z,1,2,camperbot,freeCodeCamp,freeCodeCamp
e51eca6d188e26fc5538ad4525e4e9a6a51905d5,fix(client): redirect /challenges/** correctly (#65947),2026-02-19T03:47:40Z,3,11,ojeytonwilliams,freeCodeCamp,freeCodeCamp
10d160b36019e1776966be11cdb5627b911d4d32,fix(client): daily-coding-challenge routing (#65942),2026-02-18T20:09:30Z,3,46,ojeytonwilliams,freeCodeCamp,freeCodeCamp
497431072927c41602a4661b223f57ca97147ffe,fix(curriculum): Controlled element isn’t hidden by default when aria…,2026-02-18T18:21:59Z,1,2,CaliYost,freeCodeCamp,freeCodeCamp
eb5fe07b67a98df1743f15d6dd83071f859528f5,fix(curriculum): remove duplicated 'represented' in Python certificat…,2026-02-18T18:11:31Z,1,2,shubham-t-rai,freeCodeCamp,freeCodeCamp
9dc228b61f19faa99a3811aeb8826bc1ffc46ad3,fix(docker): remove removed package from devcontainer config (#65943),2026-02-18T14:27:41Z,1,1,ojeytonwilliams,freeCodeCamp,freeCodeCamp
e74f43d1bc34369c08e6c6780c349de570434b6e,"chore(i18n,client): processed translations (#65940)",2026-02-18T13:48:43Z,20,1454,camperbot,freeCodeCamp,freeCodeCamp
464a18895651ef8404f2869eba93944aa427f109,fix(tools): update daily challenge seed for Gatsby 5 (#65933),2026-02-18T13:35:47Z,1,2,ojeytonwilliams,freeCodeCamp,freeCodeCamp
a4825bbbb06283be7f5a44d7c08bea171a4236bc,revert:update react monaco editor (#65941),2026-02-18T13:03:15Z,2,44,ojeytonwilliams,freeCodeCamp,freeCodeCamp
8baeef944ae093203860b174fa18a23e1652fc7c,fix(curriculum): refine introduction to python lectures and add more …,2026-02-18T09:03:36Z,1,6,AdityaSingh-18,freeCodeCamp,freeCodeCamp
37d909f40471a0dc0079a94616a75ac6fdd767f7,feat(curriculum): add selection sort lab to jsv9 (#65881),2026-02-18T08:57:05Z,4,109,majestic-owl448,freeCodeCamp,freeCodeCamp
80c42580865b1d29a9c343a4e7525029cf700900,"refactor(client,curriculum): update certification type to use Certifi…",2026-02-18T07:58:30Z,7,55,huyenltnguyen,freeCodeCamp,freeCodeCamp
920c363495ac0f1db6ac30be2a5a43fde9757f05,feat(client): nudge to complete the profile (#65514),2026-02-18T06:32:03Z,7,575,raisedadead,freeCodeCamp,freeCodeCamp
6aff62439c8cb6bc60f9849ca6973b0df74ccc39,fix(learn): restore share button on workshop completion (#65289),2026-02-17T17:43:11Z,6,165,nnyouung,freeCodeCamp,freeCodeCamp
f0a251478386493484e2ddf563088bea86899b46,fix(curriculum): update posture guidance to reflect modern ergonomics…,2026-02-17T17:41:02Z,1,4,Jeevankumar-s,freeCodeCamp,freeCodeCamp
b68fec83274cd25cf81b6fe2c0733a8f08cb666c,chore(deps): update dependency @types/node to v24.10.10 (#65842),2026-02-17T17:35:43Z,1,547,renovate[bot],freeCodeCamp,freeCodeCamp
52e9bd83db3076c20e8adb33e5b88a99152eae23,chore: remove unused intro code (#65855),2026-02-17T17:22:22Z,8,268,ojeytonwilliams,freeCodeCamp,freeCodeCamp
3a3b5e9395af8ef6195d3b290635d76e3ff73d5e,fix(curriculum): clarify that postgres is the default database (#65924),2026-02-17T17:11:17Z,1,4,Jeevankumar-s,freeCodeCamp,freeCodeCamp
cabe5396f291aa18778f6128b50c3c16bc68b893,chore(deps): update API and related (#65923),2026-02-17T16:54:27Z,4,598,raisedadead,freeCodeCamp,freeCodeCamp
f8de1e2ce858ea8a3292604445ca29f2c93dc3e2,chore: update react-monaco-editor to version 0.59.0 (#65850),2026-02-17T16:06:18Z,2,21,Sembauke,freeCodeCamp,freeCodeCamp
050280705d390700b7564a8897c2c80570844080,"fix(learn): Standardazie frontend, backend, full-stack (#65911)",2026-02-17T15:56:33Z,206,1522,majestic-owl448,freeCodeCamp,freeCodeCamp
9d9f0ddc121107e70ac561a19a812978d99629a4,fix(curriculum): add missing backtick formatting for Eligible in bobs…,2026-02-17T14:44:07Z,2,4,tarant28,freeCodeCamp,freeCodeCamp
4a11c4fdf5aaee1fe7cce96af6cf2ef3e4946e61,fix:(api): send full stack email for v9 (#64751),2026-02-17T14:24:32Z,3,73,ahmaxed,freeCodeCamp,freeCodeCamp
8e7edb9f3d471ee25ddf4fc8e9efc3c66e3e937b,fix(curriculum): correct example output in budget app lab (#65914),2026-02-17T12:27:58Z,1,2,AnanthuNarashimman,freeCodeCamp,freeCodeCamp
95075822fb5c2c2e0edffafbc8082e1d66b51985,fix(curriculum): clarify selection sort lab swap requirement (#65885),2026-02-17T12:16:56Z,1,5,Jeevankumar-s,freeCodeCamp,freeCodeCamp
a372fb6a1ad08c5c01b49673a43f14c50b4606a6,"chore(i18n,client): processed translations (#65895)",2026-02-17T12:15:32Z,20,12758,camperbot,freeCodeCamp,freeCodeCamp
d1df11fe1e5093cc083064c8f0ed74c91aae7a95,feat(curriculum): add quicksort lab to jsv9 (#65866),2026-02-17T07:49:33Z,4,127,majestic-owl448,freeCodeCamp,freeCodeCamp
